201718,ISOLE,SICILIA,CATANIA,CTMM150008,CPIA CATANIA 1,CTCT71000R,C.T. N. 2 (DISTR. 12 IST. ALB. CT),VIA VITTIME CIVILE DI GUERRA 8,95123,C351,CATANIA,NORMALE,CENTRO TERRITORIALE,NO,Non Disponibile,CTMM150008@istruzione.it,Non Disponibile,Non Disponibile
201718,ISOLE,SICILIA,CATANIA,CTMM150008,CPIA CATANIA 1,CTCT700006,C.T. N. 1 (DISTR. 12 - I.C.PETRARCA CT),VIA G.GIOVIALE N. 11,95045,C351,CATANIA,NORMALE,CENTRO TERRITORIALE,NO,Non Disponibile,CTMM150008@istruzione.it,Non Disponibile,Non Disponibile
201718,ISOLE,SICILIA,CATANIA,CTMM150008,CPIA CATANIA 1,CTCT701002,C.T. N.4 (DISTR. 13-I.C. PESTALOZZI CT),VILLAGGIO S.AGATA ZONA A,95121,C351,CATANIA,NORMALE,CENTRO TERRITORIALE,NO,Non Disponibile,CTMM150008@istruzione.it,Non Disponibile,Non Disponibile
201718,ISOLE,SICILIA,CATANIA,CTMM150008,CPIA CATANIA 1,CTCT70200T,C.T. N. 6 (DISTR. 14 - I.C. RECUPERO CT),VIA VELLETRI N. 28,95126,C351,CATANIA,NORMALE,CENTRO TERRITORIALE,NO,Non Disponibile,CTMM150008@istruzione.it,Non Disponibile,Non Disponibile
201718,ISOLE,SICILIA,CATANIA,CTMM150008,CPIA CATANIA 1,CTCT71200C,C.T. N. 5 (DISTR. 13 -IC DIAZ-MANZONI),VIA PLEBISCITO 784,95124,C351,CATANIA,NORMALE,CENTRO TERRITORIALE,NO,Non Disponibile,CTMM150008@istruzione.it,Non Disponibile,Non Disponibile
201718,ISOLE,SICILIA,CATANIA,CTMM150008,CPIA CATANIA 1,CTCT713008,C.T. N. 7 (DISTR. 14 - S.M. CAVOUR CT),VIA VESCOVO MAURIZIO 82,95126,C351,CATANIA,NORMALE,CENTRO TERRITORIALE,NO,Non Disponibile,CTMM150008@istruzione.it,Non Disponibile,Non Disponibile
201718,ISOLE,SICILIA,CATANIA,CTVC06000P,CATANIA,CTVC06000P,CATANIA,PANTANO  D'ARCI,95100,C351,CATANIA,ANNESSO A ISTITUTO,CONVITTO ANNESSO,NO,Non Disponibile,CTVC06000P@istruzione.it,Non Disponibile,Non Disponibile
201718,ISOLE,SICILIA,CATANIA,CTVC01000N,MARIO CUTELLI,CTVC01000N,MARIO CUTELLI,"VIA VITTORIO EMANUELE, 56",95131,C351,CATANIA,NORMALE,CONVITTO NAZIONALE,SI,Non Disponibile,CTVC01000N@istruzione.it,ctvc01000n@pec.istruzione.it,Non Disponibile
201718,ISOLE,SICILIA,CATANIA,CTRH03000C,"IPSSA I.P.S.S.A.R.""KAROL WOJTYLA""CATANIA",CTRH03050T,"ISTITUTO PROFESSIONALE ""KAROL WOJTILA""","VIA VITTIME CIVILE DI GUERRA, 8",95123,C351,CATANIA,NORMALE,IST PROF  ALBERGHIERO,NO,Non Disponibile,CTRH03000C@istruzione.it,Non Disponibile,www. ipssar.eu
201718,ISOLE,SICILIA,CATANIA,CTIS03800X,I.S.  E.FERMI - EREDIA,CTRI03801G,IPSIA E.FERMI,VIA PASSO GRAVINA 197,95125,C351,CATANIA,NORMALE,IST PROF INDUSTRIA E ARTIGIANATO,NO,Non Disponibile,CTIS03800X@istruzione.it,Non Disponibile,www.FERMIEREDIA.IT
201718,ISOLE,SICILIA,CATANIA,CTIS007008,I.S.I.S. D. ABRUZZI POLITECNICO DEL MARE,CTRM00701B,C.  COLOMBO,"VIALE ARTALE ALAGONA, 99",95126,C351,CATANIA,NORMALE,IST PROF INDUSTRIA E ATTIVITA' MARINARE,NO,Non Disponibile,CTIS007008@istruzione.it,Non Disponibile,www.POLITECNICODELMARE.GOV.IT
201718,ISOLE,SICILIA,CATANIA,CTIS007008,I.S.I.S. D. ABRUZZI POLITECNICO DEL MARE,CTRM00750Q,SERALE IST PROF IND. E ATTIVITA' MARINAR,VIALE ARTALE ALAGONA 99,95126,C351,CATANIA,NORMALE,IST PROF INDUSTRIA E ATTIVITA' MARINARE,NO,Non Disponibile,CTIS007008@istruzione.it,Non Disponibile,www.POLITECNICODELMARE.GOV.IT
201718,ISOLE,SICILIA,CATANIA,CTRH060008,PESTALOZZI,CTRH060008,PESTALOZZI,VIALE SENECA - VILL. S. AGATA ZONA A,95121,C351,CATANIA,NORMALE,IST PROF PER I SERVIZI ALBERGHIERI E RISTORAZIONE,NO,CTIC86200L,CTRH060008@istruzione.it,Non Disponibile,www.ipssarnicolosi.it
201718,ISOLE,SICILIA,CATANIA,CTRH03000C,"IPSSA I.P.S.S.A.R.""KAROL WOJTYLA""CATANIA",CTRH03000C,"IPSSA I.P.S.S.A.R.""KAROL WOJTYLA""CATANIA",VIA VITTIME CIVILI DI GUERRA N. 8,95123,C351,CATANIA,NORMALE,IST PROF PER I SERVIZI ALBERGHIERI E RISTORAZIONE,SI,Non Disponibile,CTRH03000C@istruzione.it,ctrh03000c@pec.istruzione.it,www.ipssar.eu
201718,ISOLE,SICILIA,CATANIA,CTRH03000C,"IPSSA I.P.S.S.A.R.""KAROL WOJTYLA""CATANIA",CTRH03005N,CASA CIRCONDARIALE DI CATANIA-BICOCCA,C/O CASA CIRCONDARIALE DI CATANIA-BICOCCA,95121,C351,CATANIA,SPEC. PER CARCERARI,IST PROF PER I SERVIZI ALBERGHIERI E RISTORAZIONE,NO,Non Disponibile,CTRH03000C@istruzione.it,Non Disponibile,www. ipssar.eu
201718,ISOLE,SICILIA,CATANIA,CTIS03400L,I.S. DE FELICE GIUFFRIDA - OLIVETTI,CTRC03401G,IPSCT A. OLIVETTI,VIA DEL BOSCO 41,95125,C351,CATANIA,NORMALE,IST PROF PER I SERVIZI COMMERCIALI E TURISTICI,NO,Non Disponibile,CTIS03400L@istruzione.it,Non Disponibile,www.defeliceolivetti.it
201718,ISOLE,SICILIA,CATANIA,CTIS04300B,ITI G.MARCONI,CTRF04350C,ISTITUTO PROF.LE  MANGANO CORSO SERALE,VIA BESANA 12 C,95121,C351,CATANIA,NORMALE,IST PROF PER I SERVIZI SOCIALI,NO,Non Disponibile,CTIS04300B@istruzione.it,Non Disponibile,www.luciamanganoct.it
201718,ISOLE,SICILIA,CATANIA,CTIS04300B,ITI G.MARCONI,CTRF043014,IPSS  L. MANGANO,"VIA        E. BESANA, 12/C",95121,C351,CATANIA,NORMALE,IST PROF PER I SERVIZI SOCIALI,NO,Non Disponibile,CTIS04300B@istruzione.it,Non Disponibile,www.luciamanganoct.it
201718,ISOLE,SICILIA,CATANIA,CTIS03800X,I.S.  E.FERMI - EREDIA,CTRA03801X,P.DEODATO - PROF. ALBERGHIERO E AGRIC.,"VIA  DEL BOSCO, 43",95125,C351,CATANIA,CONVITTO ANNESSO,IST PROF PER L'AGRICOLTURA E L'AMBIENTE,NO,Non Disponibile,CTIS03800X@istruzione.it,Non Disponibile,www.FERMIEREDIA.IT
201718,ISOLE,SICILIA,CATANIA,CTIC8A900A,I.C.  PIZZIGONI- CARDUCCI,CTIC8A900A,I.C.  PIZZIGONI- CARDUCCI,VIA SIENA,95128,C351,CATANIA,NORMALE,ISTITUTO COMPRENSIVO,SI,Non Disponibile,Non Disponibile,Non Disponibile,Non Disponibile
201718,ISOLE,SICILIA,CATANIA,CTIC8A800E,I.C.  SAURO - GIOVANNI XXIII,CTIC8A800E,I.C.  SAURO - GIOVANNI XXIII,VIA TORQUATO TASSO 2,95123,C351,CATANIA,NORMALE,ISTITUTO COMPRENSIVO,SI,Non Disponibile,CTIC8A800E@istruzione.it,ctic8a800e@pec.istruzione.it,Non Disponibile
201718,ISOLE,SICILIA,CATANIA,CTIC8AD007,IC  S.G. BOSCO CATANIA,CTIC8AD007,IC  S.G. BOSCO CATANIA,VIA LEOTTA 13,95122,C351,CATANIA,NORMALE,ISTITUTO COMPRENSIVO,SI,Non Disponibile,CTIC8AD007@istruzione.it,ctic8ad007@pec.istruzione.it,Non Disponibile
201718,ISOLE,SICILIA,CATANIA,CTIC8AE003,IC  TEMPESTA CATANIA,CTIC8AE003,IC  TEMPESTA CATANIA,VIA GRAMIGNANI 97,95121,C351,CATANIA,NORMALE,ISTITUTO COMPRENSIVO,SI,Non Disponibile,CTIC8AE003@istruzione.it,ctic8ae003@pec.istruzione.it,Non Disponibile
201718,ISOLE,SICILIA,CATANIA,CTIC8AF00V,IC  M. MONTESSORI - P.MASCAGNI,CTIC8AF00V,IC  M. MONTESSORI - P.MASCAGNI,"VIA GIUSEPPE DI GREGORIO, 22",95122,C351,CATANIA,NORMALE,ISTITUTO COMPRENSIVO,SI,Non Disponibile,CTIC8AF00V@istruzione.it,ctic8af00v@pec.istruzione.it,Non Disponibile
201718,ISOLE,SICILIA,CATANIA,CTIC8AG00P,I.C. P.S. DI GUARDO - QUASIMODO,CTIC8AG00P,I.C. P.S. DI GUARDO - QUASIMODO,VIA S. VITALE 22,95123,C351,CATANIA,NORMALE,ISTITUTO COMPRENSIVO,SI,Non Disponibile,CTIC8AG00P@istruzione.it,ctic8ag00p@pec.istruzione.it,Non Disponibile
201718,ISOLE,SICILIA,CATANIA,CTIC8AH00E,VESPUCCI - CAPUANA PIRANDELLO,CTIC8AH00E,VESPUCCI - CAPUANA PIRANDELLO,VIA ZAPPALA' GEMELLI 3,95121,C351,CATANIA,NORMALE,ISTITUTO COMPRENSIVO,SI,Non Disponibile,CTIC8AH00E@istruzione.it,ctic8ah00e@pec.istruzione.it,Non Disponibile
201718,ISOLE,SICILIA,CATANIA,CTIC89200C,IC XX SETTEMBRE CATANIA,CTIC89200C,IC XX SETTEMBRE CATANIA,VIA SIGNORELLI 1,95128,C351,CATANIA,NORMALE,ISTITUTO COMPRENSIVO,SI,Non Disponibile,CTIC89200C@istruzione.it,ctic89200c@pec.istruzione.it,Non Disponibile
201718,ISOLE,SICILIA,CATANIA,CTIC894004,IC MALERBA CATANIA,CTIC894004,IC MALERBA CATANIA,VIA PIDATELLA 127,95126,C351,CATANIA,NORMALE,ISTITUTO COMPRENSIVO,SI,Non Disponibile,CTIC894004@istruzione.it,ctic894004@pec.istruzione.it,Non Disponibile
201718,ISOLE,SICILIA,CATANIA,CTIC89600Q,IC  COPPOLA CATANIA,CTIC89600Q,IC  COPPOLA CATANIA,VIA MEDAGLIE D'ORO 25,95124,C351,CATANIA,NORMALE,ISTITUTO COMPRENSIVO,SI,Non Disponibile,CTIC89600Q@istruzione.it,ctic89600q@pec.istruzione.it,Non Disponibile
201718,ISOLE,SICILIA,CATANIA,CTIC89800B,I.C.  DIAZ - MANZONI  CATANIA,CTIC89800B,I.C.  DIAZ - MANZONI  CATANIA,VIA BASILE 28,95124,C351,CATANIA,NORMALE,ISTITUTO COMPRENSIVO,SI,Non Disponibile,CTIC89800B@istruzione.it,ctic89800b@pec.istruzione.it,Non Disponibile
201718,ISOLE,SICILIA,CATANIA,CTIC899007,IC  SAN GIORGIO - CATANIA,CTIC899007,IC  SAN GIORGIO - CATANIA,"STR.LE SAN GIORGIO,29",95121,C351,CATANIA,NORMALE,ISTITUTO COMPRENSIVO,SI,Non Disponibile,CTIC899007@istruzione.it,ctic899007@pec.istruzione.it,Non Disponibile
201718,ISOLE,SICILIA,CATANIA,CTIC89700G,"""ITALO CALVINO""",CTIC89700G,"""ITALO CALVINO""",VIA BRINDISI 11,95125,C351,CATANIA,NORMALE,ISTITUTO COMPRENSIVO,SI,Non Disponibile,CTIC89700G@istruzione.it,ctic89700g@pec.istruzione.it,Non Disponibile
201718,ISOLE,SICILIA,CATANIA,CTIC86200L,IC PESTALOZZI CATANIA,CTIC86200L,IC PESTALOZZI CATANIA,VILLAGGIO S.AGATA - ZONA A,95121,C351,CATANIA,NORMALE,ISTITUTO COMPRENSIVO,SI,CTIC86200L,CTIC86200L@istruzione.it,ctic86200l@pec.istruzione.it,Non Disponibile
201718,ISOLE,SICILIA,CATANIA,CTIC86300C,IC CAMPANELLA-STURZO CATANIA,CTIC86300C,IC CAMPANELLA-STURZO CATANIA,VIALE BUMMACARO 8,95121,C351,CATANIA,NORMALE,ISTITUTO COMPRENSIVO,SI,Non Disponibile,CTIC86300C@istruzione.it,ctic86300c@pec.istruzione.it,Non Disponibile
201718,ISOLE,SICILIA,CATANIA,CTIC864008,IC  DUSMET - DORIA CATANIA,CTIC864008,IC  DUSMET - DORIA CATANIA,VIALE CASTAGNOLA 13,95121,C351,CATANIA,NORMALE,ISTITUTO COMPRENSIVO,SI,Non Disponibile,CTIC864008@istruzione.it,ctic864008@pec.istruzione.it,Non Disponibile
201718,ISOLE,SICILIA,CATANIA,CTIC86700Q,I.C. FONTANAROSSA,CTIC86700Q,I.C. FONTANAROSSA,VIA FONTANAROSSA 9,95121,C351,CATANIA,NORMALE,ISTITUTO COMPRENSIVO,SI,Non Disponibile,CTIC86700Q@istruzione.it,ctic86700q@pec.istruzione.it,Non Disponibile
201718,ISOLE,SICILIA,CATANIA,CTIC87500P,IC FRANCESCO PETRARCA - CATANIA,CTIC87500P,IC FRANCESCO PETRARCA - CATANIA,VIA  GIOVANNI GIOVIALE N. 11,95123,C351,CATANIA,NORMALE,ISTITUTO COMPRENSIVO,SI,Non Disponibile,CTIC87500P@istruzione.it,ctic87500p@pec.istruzione.it,Non Disponibile
201718,ISOLE,SICILIA,CATANIA,CTIC880006,IC FELTRE - CATANIA,CTIC880006,IC FELTRE - CATANIA,"VIA DURANTE, 13",95123,C351,CATANIA,NORMALE,ISTITUTO COMPRENSIVO,SI,Non Disponibile,CTIC880006@istruzione.it,ctic880006@pec.istruzione.it,Non Disponibile
201718,ISOLE,SICILIA,CATANIA,CTIC881002,MUSCO,CTIC881002,MUSCO,VIALE G.DA VERRAZZANO 101,95121,C351,CATANIA,NORMALE,ISTITUTO COMPRENSIVO,SI,CTIC881002,CTIC881002@istruzione.it,ctic881002@pec.istruzione.it,Non Disponibile
201718,ISOLE,SICILIA,CATANIA,CTIC8A600V,GIUFFRIDA,CTIC8A600V,GIUFFRIDA,VIALE AFRICA 198,95129,C351,CATANIA,NORMALE,ISTITUTO COMPRENSIVO,SI,Non Disponibile,CTIC8A600V@istruzione.it,ctic8a600v@pec.istruzione.it,Non Disponibile
201718,ISOLE,SICILIA,CATANIA,CTIC8A700P,C.B.CAVOUR - CATANIA,CTIC8A700P,C.B.CAVOUR - CATANIA,"VIA CARBONE,6",95129,C351,CATANIA,NORMALE,ISTITUTO COMPRENSIVO,SI,Non Disponibile,CTIC8A700P@istruzione.it,CTIC8A700P@PEC.ISTRUZIONE.IT,Non Disponibile
201718,ISOLE,SICILIA,CATANIA,CTIC8AB00G,IC CESARE BATTISTI CATANIA,CTIC8AB00G,IC CESARE BATTISTI CATANIA,VIA S.M.SALETTE 76,95121,C351,CATANIA,NORMALE,ISTITUTO COMPRENSIVO,SI,Non Disponibile,CTIC8AB00G@istruzione.it,ctic8ab00g@pec.istruzione.it,Non Disponibile
201718,ISOLE,SICILIA,CATANIA,CTIC8AC00B,"IC ""G. DELEDDA"" CATANIA",CTIC8AC00B,"IC ""G. DELEDDA"" CATANIA",PIAZZA MONTESSORI,95124,C351,CATANIA,NORMALE,ISTITUTO COMPRENSIVO,SI,Non Disponibile,CTIC8AC00B@istruzione.it,ctic8ac00b@pec.istruzione.it,Non Disponibile
201718,ISOLE,SICILIA,CATANIA,CTIC885009,IC G.PARINI - CATANIA,CTIC885009,IC G.PARINI - CATANIA,VIA S. QUASIMODO N.3,95126,C351,CATANIA,NORMALE,ISTITUTO COMPRENSIVO,SI,Non Disponibile,CTIC885009@istruzione.it,ctic885009@pec.istruzione.it,Non Disponibile
201718,ISOLE,SICILIA,CATANIA,CTIC886005,IC V.BRANCATI - CATANIA,CTIC886005,IC V.BRANCATI - CATANIA,VIALE   S. TEODORO N. 2,95121,C351,CATANIA,NORMALE,ISTITUTO COMPRENSIVO,SI,Non Disponibile,CTIC886005@istruzione.it,ctic886005@pec.istruzione.it,Non Disponibile
201718,ISOLE,SICILIA,CATANIA,CTIC887001,IC F. DE ROBERTO - CATANIA,CTIC887001,IC F. DE ROBERTO - CATANIA,VIA        CONFALONIERI 9/D,95123,C351,CATANIA,NORMALE,ISTITUTO COMPRENSIVO,SI,Non Disponibile,CTIC887001@istruzione.it,ctic887001@pec.istruzione.it,Non Disponibile
201718,ISOLE,SICILIA,CATANIA,CTSD02000E,"LICEO ARTISTICO STATALE  ""M.M. LAZZARO""",CTSD02000E,"LICEO ARTISTICO STATALE  ""M.M. LAZZARO""","VIA GENERALE AMEGLIO, 15",95123,C351,CATANIA,NORMALE,ISTITUTO D'ARTE,SI,Non Disponibile,CTSD02000E@istruzione.it,ctsd02000e@pec.istruzione.it,www.liceoartisticolazzatoct.it
201718,ISOLE,SICILIA,CATANIA,CTPM020005,"LICEO STATALE ""G. TURRISI COLONNA""",CTPM020005,"LICEO STATALE ""G. TURRISI COLONNA""","VIA FABIO FILZI, 24",95124,C351,CATANIA,NORMALE,ISTITUTO MAGISTRALE,SI,Non Disponibile,CTPM020005@istruzione.it,ctpm020005@pec.istruzione.it,www.turrisicolonna.it
201718,ISOLE,SICILIA,CATANIA,CTPM03000Q,LICEO STATALE LOMBARDO RADICE,CTPM03000Q,LICEO STATALE LOMBARDO RADICE,VIA        IMPERIA 21,95128,C351,CATANIA,NORMALE,ISTITUTO MAGISTRALE,SI,Non Disponibile,CTPM03000Q@istruzione.it,ctpm03000q@pec.istruzione.it,www.lombardoradicect.it
201718,ISOLE,SICILIA,CATANIA,CTIS04300B,ITI G.MARCONI,CTIS04300B,ITI G.MARCONI,"VIA        VESCOVO MAURIZIO,82",95126,C351,CATANIA,NORMALE,ISTITUTO SUPERIORE,SI,Non Disponibile,CTIS04300B@istruzione.it,CTIS04300B@pec.istruzione.it,www.vincenzoscuderi.it
201718,ISOLE,SICILIA,CATANIA,CTIS03400L,I.S. DE FELICE GIUFFRIDA - OLIVETTI,CTIS03400L,I.S. DE FELICE GIUFFRIDA - OLIVETTI,PIAZZA     ROMA 4,95125,C351,CATANIA,NORMALE,ISTITUTO SUPERIORE,SI,Non Disponibile,CTIS03400L@istruzione.it,ctis03400l@pec.istruzione.it,www.vincenzoscuderi.it
201718,ISOLE,SICILIA,CATANIA,CTIS03800X,I.S.  E.FERMI - EREDIA,CTIS03800X,I.S.  E.FERMI - EREDIA,VIA PASSO GRAVINA 197,95125,C351,CATANIA,NORMALE,ISTITUTO SUPERIORE,SI,Non Disponibile,CTIS03800X@istruzione.it,CTIS03800X@pec.istruzione.it,www.vincenzoscuderi.it
201718,ISOLE,SICILIA,CATANIA,CTIS01700V,IS G. B. VACCARINI,CTIS01700V,IS G. B. VACCARINI,"VIA        ORCHIDEA, 9",95123,C351,CATANIA,NORMALE,ISTITUTO SUPERIORE,SI,Non Disponibile,CTIS01700V@istruzione.it,ctis01700v@pec.istruzione.it,Non Disponibile
201718,ISOLE,SICILIA,CATANIA,CTIS023006,IS CARLO GEMMELLARO,CTIS023006,IS CARLO GEMMELLARO,"CORSO  INDIPENDENZA,229",95122,C351,CATANIA,NORMALE,ISTITUTO SUPERIORE,SI,Non Disponibile,CTIS023006@istruzione.it,ctis023006@pec.istruzione.it,Non Disponibile
201718,ISOLE,SICILIA,CATANIA,CTIS007008,I.S.I.S. D. ABRUZZI POLITECNICO DEL MARE,CTIS007008,I.S.I.S. D. ABRUZZI POLITECNICO DEL MARE,"VIALE ARTALE ALAGONA, 99",95126,C351,CATANIA,NORMALE,ISTITUTO SUPERIORE,SI,Non Disponibile,CTIS007008@istruzione.it,ctis007008@pec.istruzione.it,Non Disponibile
201718,ISOLE,SICILIA,CATANIA,CTTB01000A,ITAER A. FERRARIN,CTTB01000A,ITAER A. FERRARIN,"VIA GALERMO, 172",95123,C351,CATANIA,NORMALE,ISTITUTO TECNICO AERONAUTICO,SI,Non Disponibile,CTTB01000A@istruzione.it,cttb01000a@pec.istruzione.it,www.itaerferrarin.gov.it/
201718,ISOLE,SICILIA,CATANIA,CTIS03800X,I.S.  E.FERMI - EREDIA,CTTA03801Q,F. EREDIA,VIA        DEL BOSCO 43,95125,C351,CATANIA,NORMALE,ISTITUTO TECNICO AGRARIO,NO,Non Disponibile,CTIS03800X@istruzione.it,Non Disponibile,www.FERMIEREDIA.IT
201718,ISOLE,SICILIA,CATANIA,CTIS03800X,I.S.  E.FERMI - EREDIA,CTTA038504,F.EREDIA  CORSO SERALE,VIA DEL BOSCO N.43,95125,C351,CATANIA,NORMALE,ISTITUTO TECNICO AGRARIO,NO,Non Disponibile,CTIS03800X@istruzione.it,Non Disponibile,www.FERMIEREDIA.IT
201718,ISOLE,SICILIA,CATANIA,CTIS023006,IS CARLO GEMMELLARO,CTTD02301C,"GEMMELLARO - AMMINIST,FIN. E MKT","CORSO  INDIPENDENZA,229",95122,C351,CATANIA,NORMALE,ISTITUTO TECNICO COMMERCIALE,NO,Non Disponibile,CTIS023006@istruzione.it,Non Disponibile,www.iis-gemmellaro.gov.it
201718,ISOLE,SICILIA,CATANIA,CTIS03400L,I.S. DE FELICE GIUFFRIDA - OLIVETTI,CTTD03401V,ITC DE FELICE GIUFFRIDA,PIAZZA     ROMA 4,95125,C351,CATANIA,NORMALE,ISTITUTO TECNICO COMMERCIALE,NO,Non Disponibile,CTIS03400L@istruzione.it,Non Disponibile,www.defeliceolivetti.it
201718,ISOLE,SICILIA,CATANIA,CTIS01700V,IS G. B. VACCARINI,CTTF01701B,VACCARINI,"VIA ORCHIDEA, 9",95123,C351,CATANIA,NORMALE,ISTITUTO TECNICO INDUSTRIALE,NO,Non Disponibile,CTIS01700V@istruzione.it,Non Disponibile,ww.vaccarinict.it
201718,ISOLE,SICILIA,CATANIA,CTIS023006,IS CARLO GEMMELLARO,CTTF02301P,GEMMELLARO - INFORMATICA,"CORSO INDIPENDENZA, 229",95122,C351,CATANIA,NORMALE,ISTITUTO TECNICO INDUSTRIALE,NO,Non Disponibile,CTIS023006@istruzione.it,Non Disponibile,www.iis-gemmellaro.gov.it
201718,ISOLE,SICILIA,CATANIA,CTTF01000G,ISTITUTO TECNICO ARCHIMEDE,CTTF01000G,ISTITUTO TECNICO ARCHIMEDE,VIALE  REGINA MARGHERITA 22,95123,C351,CATANIA,NORMALE,ISTITUTO TECNICO INDUSTRIALE,SI,Non Disponibile,CTTF01000G@istruzione.it,cttf01000g@pec.istruzione.it,www.itisarchimede.com
201718,ISOLE,SICILIA,CATANIA,CTTF01000G,ISTITUTO TECNICO ARCHIMEDE,CTTF010501,ISTITUTO TECNICO ARCHIMEDE,VIALE  REGINA MARGHERITA 22,95123,C351,CATANIA,NORMALE,ISTITUTO TECNICO INDUSTRIALE,NO,Non Disponibile,CTTF01000G@istruzione.it,Non Disponibile,www.itisarchimede.com
201718,ISOLE,SICILIA,CATANIA,CTTF03000R,ITI CANNIZZARO,CTTF03000R,ITI CANNIZZARO,VIA  CARLO PISACANE 1,95122,C351,CATANIA,NORMALE,ISTITUTO TECNICO INDUSTRIALE,SI,Non Disponibile,CTTF03000R@istruzione.it,cttf03000r@pec.istruzione.it,www.cannizzaroct.it
201718,ISOLE,SICILIA,CATANIA,CTTF03000R,ITI CANNIZZARO,CTTF030517,CANNIZZARO,VIA CARLO PISACANE 1,95122,C351,CATANIA,NORMALE,ISTITUTO TECNICO INDUSTRIALE,NO,Non Disponibile,CTTF03000R@istruzione.it,Non Disponibile,www.cannizzaroct.it
201718,ISOLE,SICILIA,CATANIA,CTIS04300B,ITI G.MARCONI,CTTF04301X,ITI G.MARCONI,"VIA        VESCOVO MAURIZIO,82",95126,C351,CATANIA,NORMALE,ISTITUTO TECNICO INDUSTRIALE,NO,Non Disponibile,CTIS04300B@istruzione.it,Non Disponibile,http://www.itimarconi.ct.it
201718,ISOLE,SICILIA,CATANIA,CTIS04300B,ITI G.MARCONI,CTTF043508,CORSO SERALE  ISTITUTO TECNICO INDUSTR.,VIA VESCOVO MAURIZIO 82,95126,C351,CATANIA,NORMALE,ISTITUTO TECNICO INDUSTRIALE,NO,Non Disponibile,CTIS04300B@istruzione.it,Non Disponibile,http://www.itimarconi.ct.it
201718,ISOLE,SICILIA,CATANIA,CTIS007008,I.S.I.S. D. ABRUZZI POLITECNICO DEL MARE,CTTH007018,DUCA DEGLI ABRUZZI,VIA        ARTALE ALAGONA 97,95126,C351,CATANIA,NORMALE,ISTITUTO TECNICO NAUTICO,NO,Non Disponibile,CTIS007008@istruzione.it,Non Disponibile,www.politecnicodelmare.it
201718,ISOLE,SICILIA,CATANIA,CTIS007008,I.S.I.S. D. ABRUZZI POLITECNICO DEL MARE,CTTH00750L,SERALE IST.TEC NAUTICO ABRUZZI,VIA ARTALE ALAGONA 97,95126,C351,CATANIA,NORMALE,ISTITUTO TECNICO NAUTICO,NO,Non Disponibile,CTIS007008@istruzione.it,Non Disponibile,www.politecnicodelmare.it
201718,ISOLE,SICILIA,CATANIA,CTIS007008,I.S.I.S. D. ABRUZZI POLITECNICO DEL MARE,CTTE007012,AMMINISTRAZIONE FINANZA E MARKETING,"VIALE ARTALE ALAGONA, 99",95126,C351,CATANIA,NORMALE,ISTITUTO TECNICO PER ATTIVITA' SOCIALI (GIA' ITF),NO,Non Disponibile,CTIS007008@istruzione.it,Non Disponibile,www.politecnicodelmare.it
201718,ISOLE,SICILIA,CATANIA,CTIS01700V,IS G. B. VACCARINI,CTTL01701G,G. B. VACCARINI,"VIA        ORCHIDEA, 9",95123,C351,CATANIA,NORMALE,ISTITUTO TECNICO PER GEOMETRI,NO,Non Disponibile,CTIS01700V@istruzione.it,Non Disponibile,www.vaccarinict.it
201718,ISOLE,SICILIA,CATANIA,CTIS01700V,IS G. B. VACCARINI,CTTL017511,G.B. VACCARINI   -   SERALE,VIA ORCHIDEA,95123,C351,CATANIA,NORMALE,ISTITUTO TECNICO PER GEOMETRI,NO,Non Disponibile,CTIS01700V@istruzione.it,Non Disponibile,WWW.VACCARINICT.IT
201718,ISOLE,SICILIA,CATANIA,CTIS023006,IS CARLO GEMMELLARO,CTTN02301A,GEMMELLARO  - TURISMO,CORSO INDIPENDENZA N. 229,95122,C351,CATANIA,NORMALE,ISTITUTO TECNICO PER IL TURISMO,NO,Non Disponibile,CTIS023006@istruzione.it,Non Disponibile,www.iis-gemmellaro.gov.it
201718,ISOLE,SICILIA,CATANIA,CTSL01000A,"LICEO ARTISTICO "" EMILIO GRECO"" CATANIA",CTSL01050Q,CATANIA,Non Disponibile,Non Disponibile,C351,CATANIA,NORMALE,LICEO ARTISTICO,NO,Non Disponibile,Non Disponibile,Non Disponibile,www.liceoartisticocatania.gov.it
201718,ISOLE,SICILIA,CATANIA,CTSL01000A,"LICEO ARTISTICO "" EMILIO GRECO"" CATANIA",CTSL01000A,"LICEO ARTISTICO "" EMILIO GRECO"" CATANIA","VIA MAVILLA, 37 - VICO BUONAFE', 9",95124,C351,CATANIA,NORMALE,LICEO ARTISTICO,SI,Non Disponibile,CTSL01000A@istruzione.it,ctsl01000a@pec.istruzione.it,www.liceoartisticocatania.gov.it
201718,ISOLE,SICILIA,CATANIA,CTSL020001,MUSCO,CTSL020001,MUSCO,VIALE DA VERRAZZANO 101,95100,C351,CATANIA,NORMALE,LICEO ARTISTICO,NO,CTIC881002,CTSL020001@istruzione.it,Non Disponibile,www.liceoartisticocatania.gov.it
201718,ISOLE,SICILIA,CATANIA,CTPC03000G,LC CL.ANNESSO CONV.NAZ. CUTELLI,CTPC03000G,LC CL.ANNESSO CONV.NAZ. CUTELLI,VIA        VITTORIO EMANUELE 56,95131,C351,CATANIA,ANNESSO A CONVITTO,LICEO CLASSICO,NO,Non Disponibile,CTPC03000G@istruzione.it,Non Disponibile,www.convittocutelli.eu
201718,ISOLE,SICILIA,CATANIA,CTPC040006,"LC ""MARIO CUTELLI""",CTPC040006,"LC ""MARIO CUTELLI""",VIA FIRENZE 202,95128,C351,CATANIA,NORMALE,LICEO CLASSICO,SI,Non Disponibile,CTPC040006@istruzione.it,ctpc040006@pec.istruzione.it,www.liceocutelli.gov.it
201718,ISOLE,SICILIA,CATANIA,CTPC070002,LC SPEDALIERI,CTPC070002,LC SPEDALIERI,PIAZZA ANNIBALE RICCO' S.N.,95124,C351,CATANIA,NORMALE,LICEO CLASSICO,SI,Non Disponibile,CTPC070002@istruzione.it,ctpc070002@pec.istruzione.it,www.liceospedalieri.gov.it
201718,ISOLE,SICILIA,CATANIA,CTPS040009,LS GALILEO GALILEI,CTPS040009,LS GALILEO GALILEI,VIA VESCOVO MAURIZIO  73 - 75,95126,C351,CATANIA,NORMALE,LICEO SCIENTIFICO,SI,Non Disponibile,CTPS040009@istruzione.it,ctps040009@pec.istruzione.it,www.liceogalileicatania.gov.it
201718,ISOLE,SICILIA,CATANIA,CTPS040009,LS GALILEO GALILEI,CTPS04001A,L.S. GALILEI SEZ. OSPEDALIERA,"OSP. CANNIZZAPO, POLICLINICO E GARIBALDI",95100,C351,CATANIA,C/O IST. OSPEDALIERO,LICEO SCIENTIFICO,NO,Non Disponibile,CTPS040009@istruzione.it,Non Disponibile,www.liceoscientificogalilei.catania.it
201718,ISOLE,SICILIA,CATANIA,CTIS01700V,IS G. B. VACCARINI,CTPS017019,VACCARINI,VIA ORCHIDEA N 9,95123,C351,CATANIA,NORMALE,LICEO SCIENTIFICO,NO,Non Disponibile,CTIS01700V@istruzione.it,Non Disponibile,www.vaccarinict.it
201718,ISOLE,SICILIA,CATANIA,CTPS020004,LS BOGGIO LERA,CTPS020004,LS BOGGIO LERA,VIA        V. EMANUELE 346,95124,C351,CATANIA,NORMALE,LICEO SCIENTIFICO,SI,Non Disponibile,CTPS020004@istruzione.it,ctps020004@pec.istruzione.it,www.liceoboggiolera.it
201718,ISOLE,SICILIA,CATANIA,CTPS06000E,LICEO SCIENT/LINGUIST UMBERTO DI SAVOIA,CTPS06000E,LICEO SCIENT/LINGUIST UMBERTO DI SAVOIA,"VIA CHISARI, 8",95123,C351,CATANIA,NORMALE,LICEO SCIENTIFICO,SI,Non Disponibile,CTPS06000E@istruzione.it,ctps06000e@pec.istruzione.it,www.principeumberto.it
201718,ISOLE,SICILIA,CATANIA,CTIC8A900A,I.C.  PIZZIGONI- CARDUCCI,CTAA8A9017,SCUOLA INFANZIA,VIA SIENA 5,95128,C351,CATANIA,NORMALE,SCUOLA INFANZIA,NO,Non Disponibile,Non Disponibile,Non Disponibile,www.circolodidatticosaurocatania.gov.it
201718,ISOLE,SICILIA,CATANIA,CTIC89700G,"""ITALO CALVINO""",CTAA89701C,"""ITALO CALVINO"" - LEUCATIA, 141","VIA LEUCATIA, 141",95125,C351,CATANIA,NORMALE,SCUOLA INFANZIA,NO,Non Disponibile,CTIC89700G@istruzione.it,Non Disponibile,www.icscalvino.gov.it
201718,ISOLE,SICILIA,CATANIA,CTIC89200C,IC XX SETTEMBRE CATANIA,CTAA892019,VIA SIGNORELLI,VIA SIGNORELLI 1,95128,C351,CATANIA,NORMALE,SCUOLA INFANZIA,NO,Non Disponibile,CTIC89200C@istruzione.it,Non Disponibile,www.icxxsettembre.gov.it
201718,ISOLE,SICILIA,CATANIA,CTIC894004,IC MALERBA CATANIA,CTAA894011,VIA PIDATELLA (EX P. PERGOLESI),VIA PIDATELLA N. 127,95126,C351,CATANIA,NORMALE,SCUOLA INFANZIA,NO,Non Disponibile,CTIC894004@istruzione.it,Non Disponibile,www.icmalerba.gov.it
201718,ISOLE,SICILIA,CATANIA,CTIC894004,IC MALERBA CATANIA,CTAA894022,VIA ANFUSO,VIA ANFUSO,95126,C351,CATANIA,NORMALE,SCUOLA INFANZIA,NO,Non Disponibile,CTIC894004@istruzione.it,Non Disponibile,www.icmalerba.gov.it
201718,ISOLE,SICILIA,CATANIA,CTIC894004,IC MALERBA CATANIA,CTAA894044,VIA DE CARO,VIA DE CARO 85,95126,C351,CATANIA,NORMALE,SCUOLA INFANZIA,NO,Non Disponibile,CTIC894004@istruzione.it,Non Disponibile,www.icmalerba.gov.it
201718,ISOLE,SICILIA,CATANIA,CTIC89600Q,IC  COPPOLA CATANIA,CTAA89601L,VIA MEDAGLIE D'ORO,VIA MEDAGLIE D'ORO 25,95124,C351,CATANIA,NORMALE,SCUOLA INFANZIA,NO,Non Disponibile,CTIC89600Q@istruzione.it,Non Disponibile,www.scuolacoppola.it
201718,ISOLE,SICILIA,CATANIA,CTIC89600Q,IC  COPPOLA CATANIA,CTAA89603P,ACQUICELLA,VIA ACQUICELLA 62,95122,C351,CATANIA,NORMALE,SCUOLA INFANZIA,NO,Non Disponibile,CTIC89600Q@istruzione.it,Non Disponibile,www.scuolacoppola.it
201718,ISOLE,SICILIA,CATANIA,CTIC89600Q,IC  COPPOLA CATANIA,CTAA89605R,VIA ZAMMATARO,VIA ZAMMATARO N 22,95122,C351,CATANIA,NORMALE,SCUOLA INFANZIA,NO,Non Disponibile,CTIC89600Q@istruzione.it,Non Disponibile,www.scuolacoppola.it
201718,ISOLE,SICILIA,CATANIA,CTIC8A600V,GIUFFRIDA,CTAA8A601Q,SANTE GIUFFRIDA,VIALE AFRICA 198,95129,C351,CATANIA,NORMALE,SCUOLA INFANZIA,NO,Non Disponibile,CTIC8A600V@istruzione.it,Non Disponibile,www.scuolagiuffridact.it
201718,ISOLE,SICILIA,CATANIA,CTIC8A600V,GIUFFRIDA,CTAA8A602R,SANTE GIUFFRIDA,VIA SALEMI 26,95129,C351,CATANIA,NORMALE,SCUOLA INFANZIA,NO,Non Disponibile,CTIC8A600V@istruzione.it,Non Disponibile,www.scuolagiuffridact.it
201718,ISOLE,SICILIA,CATANIA,CTIC8A600V,GIUFFRIDA,CTAA8A603T,SANTE GIUFFRIDA,VIA SALEMI 26,95129,C351,CATANIA,NORMALE,SCUOLA INFANZIA,NO,Non Disponibile,CTIC8A600V@istruzione.it,Non Disponibile,www.scuolagiuffridact.it
201718,ISOLE,SICILIA,CATANIA,CTIC89800B,I.C.  DIAZ - MANZONI  CATANIA,CTAA898018,VIA MACALLE',VIA MACALLE' 19,95124,C351,CATANIA,NORMALE,SCUOLA INFANZIA,NO,Non Disponibile,CTIC89800B@istruzione.it,Non Disponibile,www.scuoladiazcatania.gov.it
201718,ISOLE,SICILIA,CATANIA,CTIC89800B,I.C.  DIAZ - MANZONI  CATANIA,CTAA898029,VIA BASILE,VIA BASILE 28,95124,C351,CATANIA,NORMALE,SCUOLA INFANZIA,NO,Non Disponibile,CTIC89800B@istruzione.it,Non Disponibile,www.scuoladiazcatania.gov.it
201718,ISOLE,SICILIA,CATANIA,CTIC89800B,I.C.  DIAZ - MANZONI  CATANIA,CTAA89803A,OSPEDALE GARIBALDI,VIA PALERMO,95122,C351,CATANIA,C/O IST. OSPEDALIERO,SCUOLA INFANZIA,NO,Non Disponibile,CTIC89800B@istruzione.it,Non Disponibile,www.scuoladiazcatania.it
201718,ISOLE,SICILIA,CATANIA,CTIC89800B,I.C.  DIAZ - MANZONI  CATANIA,CTAA89804B,POLICLINICO UNIVERSITARIO,VIA S. SOFIA 78,95123,C351,CATANIA,C/O IST. OSPEDALIERO,SCUOLA INFANZIA,NO,Non Disponibile,CTIC89800B@istruzione.it,Non Disponibile,www.scuoladiazcatania.it
201718,ISOLE,SICILIA,CATANIA,CTIC89800B,I.C.  DIAZ - MANZONI  CATANIA,CTAA89805C,OSPEDALE CANNIZZARO,VIA MESSINA 829,95126,C351,CATANIA,C/O IST. OSPEDALIERO,SCUOLA INFANZIA,NO,Non Disponibile,CTIC89800B@istruzione.it,Non Disponibile,www.scuoladiazcatania.it
201718,ISOLE,SICILIA,CATANIA,CTIC89700G,"""ITALO CALVINO""",CTAA89702D,"""ITALO CALVINO""- QUARTARARO","VIA QUARTARARO,19",95125,C351,CATANIA,NORMALE,SCUOLA INFANZIA,NO,Non Disponibile,CTIC89700G@istruzione.it,Non Disponibile,www.icscalvino.gov.it
201718,ISOLE,SICILIA,CATANIA,CTIC89700G,"""ITALO CALVINO""",CTAA89704G,"""ITALO CALVINO"" - LEUCATIA","VIA LEUCATIA, 105/D",95125,C351,CATANIA,NORMALE,SCUOLA INFANZIA,NO,Non Disponibile,CTIC89700G@istruzione.it,Non Disponibile,WWW.icscalvino.gov.it
201718,ISOLE,SICILIA,CATANIA,CTIC887001,IC F. DE ROBERTO - CATANIA,CTAA887052,PLESSO VIA TORRESINO,VIA TORRESINO 13,95123,C351,CATANIA,NORMALE,SCUOLA INFANZIA,NO,Non Disponibile,CTIC887001@istruzione.it,Non Disponibile,www.derobertoct.gov.it
201718,ISOLE,SICILIA,CATANIA,CTIC89800B,I.C.  DIAZ - MANZONI  CATANIA,CTAA89806D,VIA SANTA MADDALENA N. 39,VIA SANTA MADDALENA 39,95124,C351,CATANIA,NORMALE,SCUOLA INFANZIA,NO,Non Disponibile,CTIC89800B@istruzione.it,Non Disponibile,www.scuoladiazcatania.gov.it
201718,ISOLE,SICILIA,CATANIA,CTIC89800B,I.C.  DIAZ - MANZONI  CATANIA,CTAA89807E,VIA PLEBISCITO N. 784,VIA PLEBISCITO N. 784,95124,C351,CATANIA,NORMALE,SCUOLA INFANZIA,NO,Non Disponibile,CTIC89800B@istruzione.it,Non Disponibile,Non Disponibile
201718,ISOLE,SICILIA,CATANIA,CTIC8AH00E,VESPUCCI - CAPUANA PIRANDELLO,CTAA8AH02C,VIA AUTERI,VIA AUTERI,95121,C351,CATANIA,NORMALE,SCUOLA INFANZIA,NO,Non Disponibile,CTIC8AH00E@istruzione.it,Non Disponibile,CT5IC8AH00E
201718,ISOLE,SICILIA,CATANIA,CTIC8AH00E,VESPUCCI - CAPUANA PIRANDELLO,CTAA8AH03D,VIA MARCHESE DI CASALOTTO,VIA MARCHESE DI CASALOTTO 22,95131,C351,CATANIA,NORMALE,SCUOLA INFANZIA,NO,Non Disponibile,CTIC8AH00E@istruzione.it,Non Disponibile,www.icvespucci.it
201718,ISOLE,SICILIA,CATANIA,CTIC864008,IC  DUSMET - DORIA CATANIA,CTAA864015,PLESSO INFANZIA PIGNO,"VIA DEGLI AGRUMI, 94",95121,C351,CATANIA,NORMALE,SCUOLA INFANZIA,NO,Non Disponibile,CTIC864008@istruzione.it,Non Disponibile,www.icdusmetdoria.gov.it
201718,ISOLE,SICILIA,CATANIA,CTIC864008,IC  DUSMET - DORIA CATANIA,CTAA864026,INFANZIA CASE SANTE E CONCORDIA,"VIA CASE SANTE ,32",95121,C351,CATANIA,NORMALE,SCUOLA INFANZIA,NO,Non Disponibile,CTIC864008@istruzione.it,Non Disponibile,www.icdusmetdoria.gov.it
201718,ISOLE,SICILIA,CATANIA,CTIC881002,MUSCO,CTAA88101V,MUSCO,"VIALE G.DA VERRAZZANO,101",95121,C351,CATANIA,NORMALE,SCUOLA INFANZIA,NO,Non Disponibile,CTIC881002@istruzione.it,Non Disponibile,www.icmuscoct.info
201718,ISOLE,SICILIA,CATANIA,CTIC881002,MUSCO,CTAA88102X,MUSCO,VIA CELLINI.50,95121,C351,CATANIA,NORMALE,SCUOLA INFANZIA,NO,Non Disponibile,CTIC881002@istruzione.it,Non Disponibile,www.icmuscoct.info
201718,ISOLE,SICILIA,CATANIA,CTIC8AF00V,IC  M. MONTESSORI - P.MASCAGNI,CTAA8AF01Q,IV NOVEMBRE,"VIA IV NOVEMBRE, 16",95122,C351,CATANIA,NORMALE,SCUOLA INFANZIA,NO,Non Disponibile,CTIC8AF00V@istruzione.it,Non Disponibile,http://www.montessorimascagnict.gov.it/
201718,ISOLE,SICILIA,CATANIA,CTIC86200L,IC PESTALOZZI CATANIA,CTAA86202E,VILLAGGIO S.AGATA - ZONA B,VIA VILLAGGIO S.AGATA ZONA B,95121,C351,CATANIA,NORMALE,SCUOLA INFANZIA,NO,Non Disponibile,CTIC86200L@istruzione.it,Non Disponibile,www.pestalozzi.cc
201718,ISOLE,SICILIA,CATANIA,CTIC899007,IC  SAN GIORGIO - CATANIA,CTAA899014,SAN GIORGIO,VIA STRADALE S.GIORGIO 29,95121,C351,CATANIA,NORMALE,SCUOLA INFANZIA,NO,Non Disponibile,CTIC899007@istruzione.it,Non Disponibile,icsangiorgioct.gov.it
201718,ISOLE,SICILIA,CATANIA,CTIC86300C,IC CAMPANELLA-STURZO CATANIA,CTAA863019,PIANETA INFANZIA V.L CASTAGNOLA,VIALE CASTAGNOLA 15,95121,C351,CATANIA,NORMALE,SCUOLA INFANZIA,NO,Non Disponibile,CTIC86300C@istruzione.it,Non Disponibile,www.iccampanellasturzo.gov.it
201718,ISOLE,SICILIA,CATANIA,CTIC86300C,IC CAMPANELLA-STURZO CATANIA,CTAA86302A,PIANETA INFANZIA V.LE BUMMACARO,VIALE BUMMACARO 13,95121,C351,CATANIA,NORMALE,SCUOLA INFANZIA,NO,Non Disponibile,CTIC86300C@istruzione.it,Non Disponibile,www.iccampanellasturzo.gov.it
201718,ISOLE,SICILIA,CATANIA,CTIC899007,IC  SAN GIORGIO - CATANIA,CTAA899025,I.C. SAN GIORGIO,"VIALE GRIMALDI, 9",95121,C351,CATANIA,NORMALE,SCUOLA INFANZIA,NO,Non Disponibile,CTIC899007@istruzione.it,Non Disponibile,icsangiorgioct.gov.it
201718,ISOLE,SICILIA,CATANIA,CTIC8AF00V,IC  M. MONTESSORI - P.MASCAGNI,CTAA8AF02R,MARIA MONTESSORI,VIA DELLA BAINSIZZA,95122,C351,CATANIA,NORMALE,SCUOLA INFANZIA,NO,Non Disponibile,CTIC8AF00V@istruzione.it,Non Disponibile,http://www.montessorimascagnict.it
201718,ISOLE,SICILIA,CATANIA,CTIC8AF00V,IC  M. MONTESSORI - P.MASCAGNI,CTAA8AF03T,SCUOLA METRNA P. MASCAGNI,VIA DI GREGORIO  N.26,95122,C351,CATANIA,NORMALE,SCUOLA INFANZIA,NO,Non Disponibile,CTIC8AF00V@istruzione.it,Non Disponibile,http://www.montessorimascagnict.it/
201718,ISOLE,SICILIA,CATANIA,CTIC8AG00P,I.C. P.S. DI GUARDO - QUASIMODO,CTAA8AG01G,SC.INFANZIA P.SANTO DI GUARDO,VIA S. VITALE 20,95123,C351,CATANIA,NORMALE,SCUOLA INFANZIA,NO,Non Disponibile,CTIC8AG00P@istruzione.it,Non Disponibile,diguardoquasimodo.gov.it
201718,ISOLE,SICILIA,CATANIA,CTIC8AH00E,VESPUCCI - CAPUANA PIRANDELLO,CTAA8AH01B,"VIA ETNEA, 133","VIA ETNEA, 133",95124,C351,CATANIA,NORMALE,SCUOLA INFANZIA,NO,Non Disponibile,CTIC8AH00E@istruzione.it,Non Disponibile,www.icvespucci.it
201718,ISOLE,SICILIA,CATANIA,CTIC86200L,IC PESTALOZZI CATANIA,CTAA86201D,VIALE NITTA,"VIALE NITTA, 11",95121,C351,CATANIA,NORMALE,SCUOLA INFANZIA,NO,Non Disponibile,CTIC86200L@istruzione.it,Non Disponibile,www.pestalozzi.cc
201718,ISOLE,SICILIA,CATANIA,CTIC8A700P,C.B.CAVOUR - CATANIA,CTAA8A701G,I.C. C.B. CAVOUR,VIA ENRICO PANTANO 49,95129,C351,CATANIA,NORMALE,SCUOLA INFANZIA,NO,Non Disponibile,CTIC8A700P@istruzione.it,Non Disponibile,www.scuolacavourcatania.gov.it
201718,ISOLE,SICILIA,CATANIA,CTIC86700Q,I.C. FONTANAROSSA,CTAA86701L,I.C. FONTANAROSSA -CASTAGNOLA 1,VIALE CASTAGNOLA  6,95121,C351,CATANIA,NORMALE,SCUOLA INFANZIA,NO,Non Disponibile,CTIC86700Q@istruzione.it,Non Disponibile,www.icfontanarossa.it
201718,ISOLE,SICILIA,CATANIA,CTIC86700Q,I.C. FONTANAROSSA,CTAA86702N,I.C. FONTANAROSSA - MONCADA,VIALE MONCADA 9,95121,C351,CATANIA,NORMALE,SCUOLA INFANZIA,NO,Non Disponibile,CTIC86700Q@istruzione.it,Non Disponibile,www.icfontanarossa.it
201718,ISOLE,SICILIA,CATANIA,CTIC86700Q,I.C. FONTANAROSSA,CTAA86704Q,I.C. FONTANAROSSA - GORETTI,VILLAGGIO S. MARIA GORETTI S.N.,95121,C351,CATANIA,NORMALE,SCUOLA INFANZIA,NO,Non Disponibile,CTIC86700Q@istruzione.it,Non Disponibile,www.icfontanarossa.it
201718,ISOLE,SICILIA,CATANIA,CTIC86700Q,I.C. FONTANAROSSA,CTAA86706T,I.C. FONTANAROSSA - VACCARIZZO,CONTRADA CODAVOLPE S.N.C.,95121,C351,CATANIA,NORMALE,SCUOLA INFANZIA,NO,Non Disponibile,CTIC86700Q@istruzione.it,Non Disponibile,www.icfontanarossa.it
201718,ISOLE,SICILIA,CATANIA,CTIC86700Q,I.C. FONTANAROSSA,CTAA86707V,FONTANAROSSA N MASSERIA MONCADA,VIALE MONCADA 15,95121,C351,CATANIA,NORMALE,SCUOLA INFANZIA,NO,Non Disponibile,CTIC86700Q@istruzione.it,Non Disponibile,WWW.ICFONTANAROSSA.IT
201718,ISOLE,SICILIA,CATANIA,CTIC86700Q,I.C. FONTANAROSSA,CTAA86708X,I.C. FONTANAROSSA,VIALE MONCADA,95100,C351,CATANIA,NORMALE,SCUOLA INFANZIA,NO,Non Disponibile,CTIC86700Q@istruzione.it,Non Disponibile,Non Disponibile
201718,ISOLE,SICILIA,CATANIA,CTIC881002,MUSCO,CTAA881031,MUSCO,VIALE CASTAGNOLA N. 6,95121,C351,CATANIA,NORMALE,SCUOLA INFANZIA,NO,Non Disponibile,CTIC881002@istruzione.it,Non Disponibile,www.icmuscoct.info
201718,ISOLE,SICILIA,CATANIA,CTIC880006,IC FELTRE - CATANIA,CTAA880013,VIA DURANTE,"VIA DURANTE, 13",95122,C351,CATANIA,NORMALE,SCUOLA INFANZIA,NO,Non Disponibile,CTIC880006@istruzione.it,Non Disponibile,www.icfeltre.it
201718,ISOLE,SICILIA,CATANIA,CTIC880006,IC FELTRE - CATANIA,CTAA880035,VIA VIGO,"VIA VIGO, 2",95122,C351,CATANIA,NORMALE,SCUOLA INFANZIA,NO,Non Disponibile,CTIC880006@istruzione.it,Non Disponibile,www.icfeltre.it
201718,ISOLE,SICILIA,CATANIA,CTIC8AD007,IC  S.G. BOSCO CATANIA,CTAA8AD025,S.G. BOSCO SEDE CENTRALE,VIA LEOTTA 13,95122,C351,CATANIA,NORMALE,SCUOLA INFANZIA,NO,Non Disponibile,CTIC8AD007@istruzione.it,Non Disponibile,www.sgbosco.ct.it
201718,ISOLE,SICILIA,CATANIA,CTIC8AE003,IC  TEMPESTA CATANIA,CTAA8AE01X,VIA PLAIA,VIA PLAIA 193,95121,C351,CATANIA,NORMALE,SCUOLA INFANZIA,NO,Non Disponibile,CTIC8AE003@istruzione.it,Non Disponibile,WWW.ICLIVIOTEMPESTA.IT
201718,ISOLE,SICILIA,CATANIA,CTIC8AE003,IC  TEMPESTA CATANIA,CTAA8AE021,VIA S.GIUSEPPE LA RENA,VIA S.GIUSEPPE LA RENA 63,95121,C351,CATANIA,NORMALE,SCUOLA INFANZIA,NO,Non Disponibile,CTIC8AE003@istruzione.it,Non Disponibile,WWW.ICLIVIOTEMPESTA.IT
201718,ISOLE,SICILIA,CATANIA,CTIC87500P,IC FRANCESCO PETRARCA - CATANIA,CTAA87501G,F. PETRARCA RIME SPARSE,"VIALE BENEDETTO CROCE, 10",95123,C351,CATANIA,NORMALE,SCUOLA INFANZIA,NO,Non Disponibile,CTIC87500P@istruzione.it,Non Disponibile,www.istitutocomprensivopetrarca.gov.it
201718,ISOLE,SICILIA,CATANIA,CTIC880006,IC FELTRE - CATANIA,CTAA880046,VIA FONTANA,"VIA FONTANA, 5",95122,C351,CATANIA,NORMALE,SCUOLA INFANZIA,NO,Non Disponibile,CTIC880006@istruzione.it,Non Disponibile,www.icfeltre.it
201718,ISOLE,SICILIA,CATANIA,CTIC880006,IC FELTRE - CATANIA,CTAA880057,NUNZIATELLA,VIA PAVAROTTI,95122,C351,CATANIA,NORMALE,SCUOLA INFANZIA,NO,Non Disponibile,CTIC880006@istruzione.it,Non Disponibile,www.icfeltre.it
201718,ISOLE,SICILIA,CATANIA,CTIC8AB00G,IC CESARE BATTISTI CATANIA,CTAA8AB02D,VIA DELLA CONCORDIA,VIA DELLA CONCORDIA 139,95122,C351,CATANIA,NORMALE,SCUOLA INFANZIA,NO,Non Disponibile,CTIC8AB00G@istruzione.it,Non Disponibile,www.battistix.it
201718,ISOLE,SICILIA,CATANIA,CTIC8AB00G,IC CESARE BATTISTI CATANIA,CTAA8AB03E,VIA SALETTE,VIA SALETTE N. 76,Non Disponibile,C351,CATANIA,NORMALE,SCUOLA INFANZIA,NO,Non Disponibile,CTIC8AB00G@istruzione.it,Non Disponibile,www.battistix.it
201718,ISOLE,SICILIA,CATANIA,CTIC885009,IC G.PARINI - CATANIA,CTAA885016,"PLESSO ""ALBATROS""",VIA DELLA SCOGLIERA 14,95126,C351,CATANIA,NORMALE,SCUOLA INFANZIA,NO,Non Disponibile,CTIC885009@istruzione.it,Non Disponibile,www.parinict.it
201718,ISOLE,SICILIA,CATANIA,CTIC885009,IC G.PARINI - CATANIA,CTAA885027,"PLESSO ""LE GINESTRE""",VIA P. PERNET,95126,C351,CATANIA,NORMALE,SCUOLA INFANZIA,NO,Non Disponibile,CTIC885009@istruzione.it,Non Disponibile,www.parinict.it
201718,ISOLE,SICILIA,CATANIA,CTIC8AC00B,"IC ""G. DELEDDA"" CATANIA",CTAA8AC018,PIAZZA MONTESSORI,PIAZZA MONTESSORI,95124,C351,CATANIA,NORMALE,SCUOLA INFANZIA,NO,Non Disponibile,CTIC8AC00B@istruzione.it,Non Disponibile,www.scuoladeledda.it
201718,ISOLE,SICILIA,CATANIA,CTIC8AC00B,"IC ""G. DELEDDA"" CATANIA",CTAA8AC029,OSPEDALE VITT. EMANUELE,Non Disponibile,95124,C351,CATANIA,C/O IST. OSPEDALIERO,SCUOLA INFANZIA,NO,Non Disponibile,CTIC8AC00B@istruzione.it,Non Disponibile,WWW.XXSETTEMBRE.INFO
201718,ISOLE,SICILIA,CATANIA,CTIC8AB00G,IC CESARE BATTISTI CATANIA,CTAA8AB01C,VIA PLEBISCITO,VIA PLEBISCITO 380,95121,C351,CATANIA,NORMALE,SCUOLA INFANZIA,NO,Non Disponibile,CTIC8AB00G@istruzione.it,Non Disponibile,www.battistix.it
201718,ISOLE,SICILIA,CATANIA,CTIC8AD007,IC  S.G. BOSCO CATANIA,CTAA8AD014,S.G. BOSCO PLESSO VIA PALERMO,VIA DELLA CERNAIA 4,95122,C351,CATANIA,NORMALE,SCUOLA INFANZIA,NO,Non Disponibile,CTIC8AD007@istruzione.it,Non Disponibile,WWW.sgbosco.ct.it
201718,ISOLE,SICILIA,CATANIA,CTIC886005,IC V.BRANCATI - CATANIA,CTAA886023,"""VIALE S. TEODORO""",VIALE S. TEODORO,95121,C351,CATANIA,NORMALE,SCUOLA INFANZIA,NO,Non Disponibile,CTIC886005@istruzione.it,Non Disponibile,www.icbrancati.it
201718,ISOLE,SICILIA,CATANIA,CTIC886005,IC V.BRANCATI - CATANIA,CTAA886045,CRAVONE,VIA STRADALE CRAVONE 10,95121,C351,CATANIA,NORMALE,SCUOLA INFANZIA,NO,Non Disponibile,CTIC886005@istruzione.it,Non Disponibile,www.icbrancati.it
201718,ISOLE,SICILIA,CATANIA,CTIC887001,IC F. DE ROBERTO - CATANIA,CTAA88701T,VIA PURGATORIO,"VIA PURGATORIO,31",95122,C351,CATANIA,NORMALE,SCUOLA INFANZIA,NO,Non Disponibile,CTIC887001@istruzione.it,Non Disponibile,www.derobertoct.gov.it
201718,ISOLE,SICILIA,CATANIA,CTIC887001,IC F. DE ROBERTO - CATANIA,CTAA88702V,VIA MARTELLI,"VIA FRANCO MARTELLI, 12",95123,C351,CATANIA,NORMALE,SCUOLA INFANZIA,NO,Non Disponibile,CTIC887001@istruzione.it,Non Disponibile,www.derobertoct.gov.it
201718,ISOLE,SICILIA,CATANIA,CTIC887001,IC F. DE ROBERTO - CATANIA,CTAA88703X,"SCUOLA MATPLESSO S, M. CASTALDI",VIA S. MARTELLI CASTALDI S.N.C,95123,C351,CATANIA,NORMALE,SCUOLA INFANZIA,NO,Non Disponibile,CTIC887001@istruzione.it,Non Disponibile,www.derobertoct.gov.it
201718,ISOLE,SICILIA,CATANIA,CTIC887001,IC F. DE ROBERTO - CATANIA,CTAA887041,PLESSO VIA DELL'ATLETA,VIA DELL'ATLETA 1,95123,C351,CATANIA,NORMALE,SCUOLA INFANZIA,NO,Non Disponibile,CTIC887001@istruzione.it,Non Disponibile,www.derobertoct.gov.it
201718,ISOLE,SICILIA,CATANIA,CTIC8AE003,IC  TEMPESTA CATANIA,CTAA8AE043,VIA GRAMIGNANI,VIA GRAMIGNANI 97,95121,C351,CATANIA,NORMALE,SCUOLA INFANZIA,NO,Non Disponibile,CTIC8AE003@istruzione.it,Non Disponibile,www.icliviotempesta.it
201718,ISOLE,SICILIA,CATANIA,CTIC8A800E,I.C.  SAURO - GIOVANNI XXIII,CTAA8A801B,VIA LIOY,VIA LIOY,95123,C351,CATANIA,NORMALE,SCUOLA INFANZIA,NO,Non Disponibile,CTIC8A800E@istruzione.it,Non Disponibile,www.circolodidatticosaurocatania.gov.it
201718,ISOLE,SICILIA,CATANIA,CTIC8A800E,I.C.  SAURO - GIOVANNI XXIII,CTAA8A802C,"VIA TASSO,3","VIA TASSO,3",95123,C351,CATANIA,NORMALE,SCUOLA INFANZIA,NO,Non Disponibile,CTIC8A800E@istruzione.it,Non Disponibile,www.circolodidatticosaurocatania.gov.it
201718,ISOLE,SICILIA,CATANIA,CTEE008002,CD  DE AMICIS CATANIA,CTAA00803X,VIA MERLINO,VIA MERLINO  26,95123,C351,CATANIA,NORMALE,SCUOLA INFANZIA,NO,Non Disponibile,CTEE008002@istruzione.it,Non Disponibile,www.cddeamicisct.gov.it
201718,ISOLE,SICILIA,CATANIA,CTEE022008,CD  G.  VERGA CATANIA,CTAA022025,VIALE ALCIDE DE GASPERI,VIALE ALCIDE DE GASPERI 193,95126,C351,CATANIA,NORMALE,SCUOLA INFANZIA,NO,Non Disponibile,CTEE022008@istruzione.it,Non Disponibile,www.scuolavergacatania.gov.it
201718,ISOLE,SICILIA,CATANIA,CTEE01700R,CD  M.RAPISARDI CATANIA,CTAA01701L,VIA AOSTA,VIA AOSTA 31,95127,C351,CATANIA,NORMALE,SCUOLA INFANZIA,NO,Non Disponibile,CTEE01700R@istruzione.it,Non Disponibile,www.cdmariorapisardi.gov.it
201718,ISOLE,SICILIA,CATANIA,CTEE022008,CD  G.  VERGA CATANIA,CTAA022014,VIA G.LEOPARDI,VIA G.LEOPARDI 89/B,95127,C351,CATANIA,NORMALE,SCUOLA INFANZIA,NO,Non Disponibile,CTEE022008@istruzione.it,Non Disponibile,wwwscuolavergacatania.gov.it
201718,ISOLE,SICILIA,CATANIA,CTEE008002,CD  DE AMICIS CATANIA,CTAA00801T,VIA ELEONORA D'ANGIO',VIA ELEONORA D'ANGIO' 79 BIS,95125,C351,CATANIA,NORMALE,SCUOLA INFANZIA,NO,Non Disponibile,CTEE008002@istruzione.it,Non Disponibile,www.cddeamicisct.gov.it
201718,ISOLE,SICILIA,CATANIA,CTIC8A900A,I.C.  PIZZIGONI- CARDUCCI,CTEE8A901C,C.D.PIZZIGONI - VIA SIENA,VIA SIENA,95128,C351,CATANIA,NORMALE,SCUOLA PRIMARIA,NO,Non Disponibile,Non Disponibile,Non Disponibile,www.circolodidatticosaurocatania.gov.it
201718,ISOLE,SICILIA,CATANIA,CTIC86700Q,I.C. FONTANAROSSA,CTEE867085,CASTAGNOLA 1,VIALE CASTAGNOLA N. 6,95121,C351,CATANIA,NORMALE,SCUOLA PRIMARIA,NO,Non Disponibile,Non Disponibile,Non Disponibile,www.icfontanarossa.it
201718,ISOLE,SICILIA,CATANIA,CTIC86200L,IC PESTALOZZI CATANIA,CTEE86201P,IC  PESTALOZZI  CATANIA,VILLAGGIO S.AGATA - ZONA A,95121,C351,CATANIA,NORMALE,SCUOLA PRIMARIA,NO,Non Disponibile,CTIC86200L@istruzione.it,Non Disponibile,www.pestalozzi.cc
201718,ISOLE,SICILIA,CATANIA,CTIC86200L,IC PESTALOZZI CATANIA,CTEE86203R,VIALE NITTA,"VIALE NITTA, 11",95121,C351,CATANIA,NORMALE,SCUOLA PRIMARIA,NO,Non Disponibile,CTIC86200L@istruzione.it,Non Disponibile,www.pestalozzi.cc
201718,ISOLE,SICILIA,CATANIA,CTEE022008,CD  G.  VERGA CATANIA,CTEE022008,CD  G.  VERGA CATANIA,VIA G.LEOPARDI 89/B,95127,C351,CATANIA,NORMALE,SCUOLA PRIMARIA,SI,Non Disponibile,CTEE022008@istruzione.it,ctee022008@pec.istruzione.it,Non Disponibile
201718,ISOLE,SICILIA,CATANIA,CTEE022008,CD  G.  VERGA CATANIA,CTEE022019,C.D.G.VERGA,VIA G.LEOPARDI 89,95127,C351,CATANIA,NORMALE,SCUOLA PRIMARIA,NO,Non Disponibile,CTEE022008@istruzione.it,Non Disponibile,wwwscuolavergacatania.it
201718,ISOLE,SICILIA,CATANIA,CTIC8AF00V,IC  M. MONTESSORI - P.MASCAGNI,CTEE8AF011,BAINSIZZA,"VIA DELLA BAINSIZZA, 1",95122,C351,CATANIA,NORMALE,SCUOLA PRIMARIA,NO,Non Disponibile,CTIC8AF00V@istruzione.it,Non Disponibile,http://www.montessorimascagnict.gov.it/
201718,ISOLE,SICILIA,CATANIA,CTIC8AF00V,IC  M. MONTESSORI - P.MASCAGNI,CTEE8AF022,IV NOVEMBRE,VIA IV NOVEMBRE,95122,C351,CATANIA,NORMALE,SCUOLA PRIMARIA,NO,Non Disponibile,CTIC8AF00V@istruzione.it,Non Disponibile,http://www.montessorimascagnict.gov.it/
201718,ISOLE,SICILIA,CATANIA,CTIC8AF00V,IC  M. MONTESSORI - P.MASCAGNI,CTEE8AF033,VIA DI GREGORIO,VIA DI GREGORIO  N.26,95122,C351,CATANIA,NORMALE,SCUOLA PRIMARIA,NO,Non Disponibile,CTIC8AF00V@istruzione.it,Non Disponibile,http://www.montessorimascagnict.gov.it/
201718,ISOLE,SICILIA,CATANIA,CTIC8AG00P,I.C. P.S. DI GUARDO - QUASIMODO,CTEE8AG01R,"CD P.S.DI GUARDO -V, S. MATTEO",VIA SAN MATTEO SN,95123,C351,CATANIA,NORMALE,SCUOLA PRIMARIA,NO,Non Disponibile,CTIC8AG00P@istruzione.it,Non Disponibile,diguardoquasimodo.gov.it
201718,ISOLE,SICILIA,CATANIA,CTIC8AG00P,I.C. P.S. DI GUARDO - QUASIMODO,CTEE8AG02T,CD P.S.DI GUARDO   CATANIA,VIA S.VITALE 22,95123,C351,CATANIA,NORMALE,SCUOLA PRIMARIA,NO,Non Disponibile,CTIC8AG00P@istruzione.it,Non Disponibile,diguardoquasimodo.gov.it
201718,ISOLE,SICILIA,CATANIA,CTIC8AH00E,VESPUCCI - CAPUANA PIRANDELLO,CTEE8AH01L,VIA MARCHESE DI CASALOTTO,VIA MARCHESE DI CASALOTTO  22,95131,C351,CATANIA,NORMALE,SCUOLA PRIMARIA,NO,Non Disponibile,CTIC8AH00E@istruzione.it,Non Disponibile,www.icvespucci.it
201718,ISOLE,SICILIA,CATANIA,CTIC89700G,"""ITALO CALVINO""",CTEE89703Q,"""ITALO CALVINO"" - QUARTARARO",VIA QUARTARARO 19,95125,C351,CATANIA,NORMALE,SCUOLA PRIMARIA,NO,Non Disponibile,CTIC89700G@istruzione.it,Non Disponibile,www.icscalvino.gov.it
201718,ISOLE,SICILIA,CATANIA,CTIC89700G,"""ITALO CALVINO""",CTEE89704R,"""ITALO CALVINO"" - LAURANA",VIA LAURANA,95125,C351,CATANIA,NORMALE,SCUOLA PRIMARIA,NO,Non Disponibile,CTIC89700G@istruzione.it,Non Disponibile,www.icscalvino.gov.it
201718,ISOLE,SICILIA,CATANIA,CTIC89700G,"""ITALO CALVINO""",CTEE89705T,"""ITALO CALVINO"" - LEUCATIA","VIA LEUCATIA, 141",95123,C351,CATANIA,NORMALE,SCUOLA PRIMARIA,NO,Non Disponibile,CTIC89700G@istruzione.it,Non Disponibile,www.icscalvino.gov.it
201718,ISOLE,SICILIA,CATANIA,CTIC89800B,I.C.  DIAZ - MANZONI  CATANIA,CTEE89801D,I.C. DIAZ-MANZONI,VIA BASILE 28,95124,C351,CATANIA,NORMALE,SCUOLA PRIMARIA,NO,Non Disponibile,CTIC89800B@istruzione.it,Non Disponibile,www.scuoladiazcatania.gov.it
201718,ISOLE,SICILIA,CATANIA,CTIC89800B,I.C.  DIAZ - MANZONI  CATANIA,CTEE89802E,VIA SANTA MADDALENA N. 39,VIA SANTA MADDALENA 39,95124,C351,CATANIA,NORMALE,SCUOLA PRIMARIA,NO,Non Disponibile,CTIC89800B@istruzione.it,Non Disponibile,www.scuoladiazcatania.gov.it
201718,ISOLE,SICILIA,CATANIA,CTIC89800B,I.C.  DIAZ - MANZONI  CATANIA,CTEE89803G,VIA MACALLE',VIA MACALLE' N. 19,95124,C351,CATANIA,NORMALE,SCUOLA PRIMARIA,NO,Non Disponibile,CTIC89800B@istruzione.it,Non Disponibile,www.scuoladiazcatania.gov.it
201718,ISOLE,SICILIA,CATANIA,CTIC89800B,I.C.  DIAZ - MANZONI  CATANIA,CTEE89804L,POLICLINICO UNIVERSITARIO,VIA SANTA SOFIA 78,95123,C351,CATANIA,C/O IST. OSPEDALIERO,SCUOLA PRIMARIA,NO,Non Disponibile,CTIC89800B@istruzione.it,Non Disponibile,www.scuoladiazcatania.it
201718,ISOLE,SICILIA,CATANIA,CTIC89800B,I.C.  DIAZ - MANZONI  CATANIA,CTEE89805N,OSPEDALE GARIBALDI,VIA PALERMO,95122,C351,CATANIA,C/O IST. OSPEDALIERO,SCUOLA PRIMARIA,NO,Non Disponibile,CTIC89800B@istruzione.it,Non Disponibile,www.scuoladiazcatania.it
201718,ISOLE,SICILIA,CATANIA,CTIC89800B,I.C.  DIAZ - MANZONI  CATANIA,CTEE89806P,OSPEDALE CANNIZZARO,VIA MESSINA 829,95126,C351,CATANIA,C/O IST. OSPEDALIERO,SCUOLA PRIMARIA,NO,Non Disponibile,CTIC89800B@istruzione.it,Non Disponibile,www.scuoladiazcatania.it
201718,ISOLE,SICILIA,CATANIA,CTIC8AH00E,VESPUCCI - CAPUANA PIRANDELLO,CTEE8AH02N,I.C. CAPUANA,"VIA ETNEA, 133",95124,C351,CATANIA,NORMALE,SCUOLA PRIMARIA,NO,Non Disponibile,CTIC8AH00E@istruzione.it,Non Disponibile,www.ICVESPUCCI.IT
201718,ISOLE,SICILIA,CATANIA,CTIC8AH00E,VESPUCCI - CAPUANA PIRANDELLO,CTEE8AH03P,I.C. A. VESPUCCI - VIA AUTERI,VIA AUTERI 19,95121,C351,CATANIA,NORMALE,SCUOLA PRIMARIA,NO,Non Disponibile,CTIC8AH00E@istruzione.it,Non Disponibile,www.icvespucci.it
201718,ISOLE,SICILIA,CATANIA,CTIC899007,IC  SAN GIORGIO - CATANIA,CTEE899019,CD  S. GIORGIO CATANIA,STRADALE S.GIORGIO 29,95121,C351,CATANIA,NORMALE,SCUOLA PRIMARIA,NO,Non Disponibile,CTIC899007@istruzione.it,Non Disponibile,icsangiorgioct.com
201718,ISOLE,SICILIA,CATANIA,CTEE008002,CD  DE AMICIS CATANIA,CTEE008002,CD  DE AMICIS CATANIA,VIA ELEONORA D'ANGIO' 79 BIS,95125,C351,CATANIA,NORMALE,SCUOLA PRIMARIA,SI,Non Disponibile,CTEE008002@istruzione.it,ctee008002@pec.istruzione.it,Non Disponibile
201718,ISOLE,SICILIA,CATANIA,CTEE008002,CD  DE AMICIS CATANIA,CTEE008013,C.D.DE AMICIS-VIA E.D'ANGIO',VIA ELEONORA D'ANGIO' 79 BIS,95125,C351,CATANIA,NORMALE,SCUOLA PRIMARIA,NO,Non Disponibile,CTEE008002@istruzione.it,Non Disponibile,www.cddeamicisct.gov.it
201718,ISOLE,SICILIA,CATANIA,CTEE008002,CD  DE AMICIS CATANIA,CTEE008068,VIA MERLINO,VIA MERLINO 30,95123,C351,CATANIA,NORMALE,SCUOLA PRIMARIA,NO,Non Disponibile,CTEE008002@istruzione.it,Non Disponibile,www.cddeamicisct.gov.it
201718,ISOLE,SICILIA,CATANIA,CTIC8AE003,IC  TEMPESTA CATANIA,CTEE8AE037,VIA S.G.LA RENA,VIA S.G.LA RENA 27,95121,C351,CATANIA,NORMALE,SCUOLA PRIMARIA,NO,Non Disponibile,CTIC8AE003@istruzione.it,Non Disponibile,WWW.ICLIVIOTEMPESTA.IT
201718,ISOLE,SICILIA,CATANIA,CTEE022008,CD  G.  VERGA CATANIA,CTEE02202A,VIALE A. DE GASPERI,VIALE A. DE GASPERI N. 193,95126,C351,CATANIA,NORMALE,SCUOLA PRIMARIA,NO,Non Disponibile,CTEE022008@istruzione.it,Non Disponibile,wwwscuolavergacatania.gov.it
201718,ISOLE,SICILIA,CATANIA,CTEE028007,CONV. NAZ. CUTELLI CATANIA,CTEE028007,CONV. NAZ. CUTELLI CATANIA,VIA VITTORIO EMANUELE 56,95131,C351,CATANIA,CONVITTO NAZIONALE,SCUOLA PRIMARIA,NO,Non Disponibile,CTEE028007@istruzione.it,Non Disponibile,Non Disponibile
201718,ISOLE,SICILIA,CATANIA,CTEE028007,CONV. NAZ. CUTELLI CATANIA,CTEE028018,C.D.ANNESSO CONV.CUTELLI,VIA VITTORIO EMANUELE 56,95131,C351,CATANIA,ANNESSO A CONVITTO,SCUOLA PRIMARIA,NO,Non Disponibile,CTEE028007@istruzione.it,Non Disponibile,www.convittocutelli.eu
201718,ISOLE,SICILIA,CATANIA,CTIC86300C,IC CAMPANELLA-STURZO CATANIA,CTEE86301E,IC CAMPANELLA-STURZO CATANIA,"VIALE BUMMACARO, 13",95121,C351,CATANIA,NORMALE,SCUOLA PRIMARIA,NO,Non Disponibile,CTIC86300C@istruzione.it,Non Disponibile,www.iccampanellasturzo.gov.it
201718,ISOLE,SICILIA,CATANIA,CTIC86300C,IC CAMPANELLA-STURZO CATANIA,CTEE86303L,PLESSO VIALE BUMMACARO 4,VIALE BUMMACARO 4,95121,C351,CATANIA,NORMALE,SCUOLA PRIMARIA,NO,Non Disponibile,CTIC86300C@istruzione.it,Non Disponibile,www.iccampanellasturzo.gov.it
201718,ISOLE,SICILIA,CATANIA,CTMM150008,CPIA CATANIA 1,CTEE710037,BICOCCA,Non Disponibile,95100,C351,CATANIA,SPEC. PER CARCERARI,SCUOLA PRIMARIA,NO,Non Disponibile,CTMM150008@istruzione.it,Non Disponibile,www.ipssar.org
201718,ISOLE,SICILIA,CATANIA,CTMM150008,CPIA CATANIA 1,CTEE710048,CENTRO DI RIEDUCAZIONE MINORILE,CONTRADA BICOCCA,95123,C351,CATANIA,SPEC. PER CARCERARI,SCUOLA PRIMARIA,NO,Non Disponibile,CTMM150008@istruzione.it,Non Disponibile,www.ipssar.org
201718,ISOLE,SICILIA,CATANIA,CTIC89200C,IC XX SETTEMBRE CATANIA,CTEE89201E,XX SETTEMBRE,VIA SIGNORELLI,95128,C351,CATANIA,NORMALE,SCUOLA PRIMARIA,NO,Non Disponibile,CTIC89200C@istruzione.it,Non Disponibile,www.icxxsettembre.gov.it
201718,ISOLE,SICILIA,CATANIA,CTIC894004,IC MALERBA CATANIA,CTEE894016,C.D. MALERBA,VIA PIDATELLA,95126,C351,CATANIA,NORMALE,SCUOLA PRIMARIA,NO,Non Disponibile,CTIC894004@istruzione.it,Non Disponibile,www.icmalerba.gov.it
201718,ISOLE,SICILIA,CATANIA,CTIC864008,IC  DUSMET - DORIA CATANIA,CTEE86401A,PLESSO ELEMENTARE PIGNO,"VIA  DEGLI AGRUMI, 94",95121,C351,CATANIA,NORMALE,SCUOLA PRIMARIA,NO,Non Disponibile,CTIC864008@istruzione.it,Non Disponibile,www.icdusmetdoria.gov.it
201718,ISOLE,SICILIA,CATANIA,CTIC864008,IC  DUSMET - DORIA CATANIA,CTEE86402B,PLESSO ELEMENTARE CONCORDIA,VIA DELLA CONCORDIA N. 75,95121,C351,CATANIA,NORMALE,SCUOLA PRIMARIA,NO,Non Disponibile,CTIC864008@istruzione.it,Non Disponibile,www.icdusmetdoria.gov.it
201718,ISOLE,SICILIA,CATANIA,CTIC864008,IC  DUSMET - DORIA CATANIA,CTEE86403C,PLESSO ELEMENTAR CASE SANTE,VIA CASE SANTE 32,95121,C351,CATANIA,NORMALE,SCUOLA PRIMARIA,NO,Non Disponibile,CTIC864008@istruzione.it,Non Disponibile,www.icdusmetdoria.gov.it
201718,ISOLE,SICILIA,CATANIA,CTIC86700Q,I.C. FONTANAROSSA,CTEE86701T,I.C.  FONTANAROSSA - GORETTI,VILLAGGIO S. M.GORETTI,95121,C351,CATANIA,NORMALE,SCUOLA PRIMARIA,NO,Non Disponibile,CTIC86700Q@istruzione.it,Non Disponibile,www.icfontanarossa.it
201718,ISOLE,SICILIA,CATANIA,CTEE01700R,CD  M.RAPISARDI CATANIA,CTEE01700R,CD  M.RAPISARDI CATANIA,VIA AOSTA 31,95127,C351,CATANIA,NORMALE,SCUOLA PRIMARIA,SI,Non Disponibile,CTEE01700R@istruzione.it,ctee01700r@pec.istruzione.it,Non Disponibile
201718,ISOLE,SICILIA,CATANIA,CTEE01700R,CD  M.RAPISARDI CATANIA,CTEE01701T,CD  RAPISARDI CATANIA,VIA AOSTA 31,95127,C351,CATANIA,NORMALE,SCUOLA PRIMARIA,NO,Non Disponibile,CTEE01700R@istruzione.it,Non Disponibile,www.cdmariorapisardi.gov.it
201718,ISOLE,SICILIA,CATANIA,CTIC86700Q,I.C. FONTANAROSSA,CTEE867074,I.C. FONTANAROSSA - MONCADA,VIALE MONCADA 9,95121,C351,CATANIA,NORMALE,SCUOLA PRIMARIA,NO,Non Disponibile,CTIC86700Q@istruzione.it,Non Disponibile,www.icfontanarossa.it
201718,ISOLE,SICILIA,CATANIA,CTIC880006,IC FELTRE - CATANIA,CTEE88004B,NUNZIATELLA,VIA PAVAROTTI,95122,C351,CATANIA,NORMALE,SCUOLA PRIMARIA,NO,Non Disponibile,CTIC880006@istruzione.it,Non Disponibile,www.icfeltre.it
201718,ISOLE,SICILIA,CATANIA,CTIC881002,MUSCO,CTEE881025,MUSCO,"VIALE G.NNI DA VERRAZZANO,101",95121,C351,CATANIA,NORMALE,SCUOLA PRIMARIA,NO,Non Disponibile,CTIC881002@istruzione.it,Non Disponibile,www.icmuscoct.info
201718,ISOLE,SICILIA,CATANIA,CTIC881002,MUSCO,CTEE881036,MUSCO,VIA CELLINI 50,95121,C351,CATANIA,NORMALE,SCUOLA PRIMARIA,NO,Non Disponibile,CTIC881002@istruzione.it,Non Disponibile,www.icmuscoct.info
201718,ISOLE,SICILIA,CATANIA,CTIC881002,MUSCO,CTEE881047,MUSCO,VIALE CASTAGNOLA N. 6,95121,C351,CATANIA,NORMALE,SCUOLA PRIMARIA,NO,Non Disponibile,CTIC881002@istruzione.it,Non Disponibile,www.icmuscoct.info
201718,ISOLE,SICILIA,CATANIA,CTIC894004,IC MALERBA CATANIA,CTEE894027,VIA ANFUSO,VIA ANFUSO,95126,C351,CATANIA,NORMALE,SCUOLA PRIMARIA,NO,Non Disponibile,CTIC894004@istruzione.it,Non Disponibile,www.icmalerba.gov.it
201718,ISOLE,SICILIA,CATANIA,CTIC86700Q,I.C. FONTANAROSSA,CTEE867041,I.C. FONTANAROSSA - VACCARIZZO,CONTRADA CODAVOLPE S.N.C.,95121,C351,CATANIA,NORMALE,SCUOLA PRIMARIA,NO,Non Disponibile,CTIC86700Q@istruzione.it,Non Disponibile,www.icfontanarossa.it
201718,ISOLE,SICILIA,CATANIA,CTIC86700Q,I.C. FONTANAROSSA,CTEE867052,FONTANAROSSA N MASSERIA MONCADA,VIALE MONCADA 15,95121,C351,CATANIA,NORMALE,SCUOLA PRIMARIA,NO,Non Disponibile,CTIC86700Q@istruzione.it,Non Disponibile,www.icfontanarossa.it
201718,ISOLE,SICILIA,CATANIA,CTIC880006,IC FELTRE - CATANIA,CTEE88003A,VIA RACCUGLIA,"VIA RACCUGLIA, 1",95122,C351,CATANIA,NORMALE,SCUOLA PRIMARIA,NO,Non Disponibile,CTIC880006@istruzione.it,Non Disponibile,www.icfeltre.it
201718,ISOLE,SICILIA,CATANIA,CTIC87500P,IC FRANCESCO PETRARCA - CATANIA,CTEE87501R,"I.C.F. PETRARCA""SANTO GAGLIANO""","VIA GIOVIALE, 4",95123,C351,CATANIA,NORMALE,SCUOLA PRIMARIA,NO,Non Disponibile,CTIC87500P@istruzione.it,Non Disponibile,www.istitutocomprensivopetrarca.gov.it
201718,ISOLE,SICILIA,CATANIA,CTIC87500P,IC FRANCESCO PETRARCA - CATANIA,CTEE87502T,F. PETRARCA IL CANZONIERE,VIALE TIRRENO,95123,C351,CATANIA,NORMALE,SCUOLA PRIMARIA,NO,Non Disponibile,CTIC87500P@istruzione.it,Non Disponibile,www.istitutocomprensivopetrarca.gov.it
201718,ISOLE,SICILIA,CATANIA,CTIC885009,IC G.PARINI - CATANIA,CTEE88501B,PLESSO ALBATROS,VIA DELLA SCOGLIERA,95126,C351,CATANIA,NORMALE,SCUOLA PRIMARIA,NO,Non Disponibile,CTIC885009@istruzione.it,Non Disponibile,www.parinict.it
201718,ISOLE,SICILIA,CATANIA,CTIC885009,IC G.PARINI - CATANIA,CTEE88502C,PLESSO LE GINESTRE,VIA P. PERNET,95126,C351,CATANIA,NORMALE,SCUOLA PRIMARIA,NO,Non Disponibile,CTIC885009@istruzione.it,Non Disponibile,www.parinict.it
201718,ISOLE,SICILIA,CATANIA,CTIC885009,IC G.PARINI - CATANIA,CTEE88503D,PRIMARIA PLESSO PARINI,"VIA QUASIMODO, 3",95126,C351,CATANIA,NORMALE,SCUOLA PRIMARIA,NO,Non Disponibile,CTIC885009@istruzione.it,Non Disponibile,www.parinict.it
201718,ISOLE,SICILIA,CATANIA,CTIC87500P,IC FRANCESCO PETRARCA - CATANIA,CTEE87503V,VINCENZO PECORINO PATERNO',"VIALE S. NULLO, 24",95123,C351,CATANIA,NORMALE,SCUOLA PRIMARIA,NO,Non Disponibile,CTIC87500P@istruzione.it,Non Disponibile,www.istitutocomprensivopetrarca.gov.it
201718,ISOLE,SICILIA,CATANIA,CTIC880006,IC FELTRE - CATANIA,CTEE880018,I.C. V.DA FELTRE,"VIA DURANTE, 13",95122,C351,CATANIA,NORMALE,SCUOLA PRIMARIA,NO,Non Disponibile,CTIC880006@istruzione.it,Non Disponibile,www.icfeltre.it
201718,ISOLE,SICILIA,CATANIA,CTIC880006,IC FELTRE - CATANIA,CTEE880029,VIA FONTANA,"VIA HAMDIS IB N, 5",95123,C351,CATANIA,NORMALE,SCUOLA PRIMARIA,NO,Non Disponibile,CTIC880006@istruzione.it,Non Disponibile,www.icfeltre.it
201718,ISOLE,SICILIA,CATANIA,CTIC894004,IC MALERBA CATANIA,CTEE894038,CD  CAPPONI CATANIA,VIA DE CARO 85,95126,C351,CATANIA,NORMALE,SCUOLA PRIMARIA,NO,Non Disponibile,CTIC894004@istruzione.it,Non Disponibile,www.icmalerba.gov.it
201718,ISOLE,SICILIA,CATANIA,CTIC89600Q,IC  COPPOLA CATANIA,CTEE89601T,C.D. COPPOLA-VIA MEDAGLIE D'ORO,VIA MEDAGLIE D'ORO,95124,C351,CATANIA,NORMALE,SCUOLA PRIMARIA,NO,Non Disponibile,CTIC89600Q@istruzione.it,Non Disponibile,www.scuolacoppola.it
201718,ISOLE,SICILIA,CATANIA,CTIC89600Q,IC  COPPOLA CATANIA,CTEE89602V,SC. PRIMARIA DE SANCTIS,"VIA  AMMIRAGLIO CARACCIOLO, 114",95123,C351,CATANIA,NORMALE,SCUOLA PRIMARIA,NO,Non Disponibile,CTIC89600Q@istruzione.it,Non Disponibile,www.scuolacoppola.it
201718,ISOLE,SICILIA,CATANIA,CTIC89600Q,IC  COPPOLA CATANIA,CTEE89603X,CD  CARONDA CATANIA,VIA ZAMMATARO 24,95122,C351,CATANIA,NORMALE,SCUOLA PRIMARIA,NO,Non Disponibile,CTIC89600Q@istruzione.it,Non Disponibile,www.scuolacoppola.it
201718,ISOLE,SICILIA,CATANIA,CTIC89700G,"""ITALO CALVINO""",CTEE89701N,"""ITALO CALVINO"" - BRINDISI","VIA BRINDISI,11",95125,C351,CATANIA,NORMALE,SCUOLA PRIMARIA,NO,Non Disponibile,CTIC89700G@istruzione.it,Non Disponibile,www.icscalvino.gov.it
201718,ISOLE,SICILIA,CATANIA,CTIC887001,IC F. DE ROBERTO - CATANIA,CTEE887013,PLESSO SEDE PRIMARIA,VIA CONFALONIERI,95123,C351,CATANIA,NORMALE,SCUOLA PRIMARIA,NO,Non Disponibile,CTIC887001@istruzione.it,Non Disponibile,www.derobertoct.gov.it
201718,ISOLE,SICILIA,CATANIA,CTIC887001,IC F. DE ROBERTO - CATANIA,CTEE887035,VIA SAPRI,VIA SAPRI 24-26,95123,C351,CATANIA,NORMALE,SCUOLA PRIMARIA,NO,Non Disponibile,CTIC887001@istruzione.it,Non Disponibile,www.derobertoct.gov.it
201718,ISOLE,SICILIA,CATANIA,CTIC887001,IC F. DE ROBERTO - CATANIA,CTEE887046,PLESSO S.  M. MARTELLI CASTALDI,VIA S. M.  MARTELLI CASTALDI S.N.C,95123,C351,CATANIA,NORMALE,SCUOLA PRIMARIA,NO,Non Disponibile,CTIC887001@istruzione.it,Non Disponibile,www.derobertoct.gov.it
201718,ISOLE,SICILIA,CATANIA,CTIC887001,IC F. DE ROBERTO - CATANIA,CTEE887057,PLESSO VIA MARATONA,VIA MARATONA 2,95123,C351,CATANIA,NORMALE,SCUOLA PRIMARIA,NO,Non Disponibile,CTIC887001@istruzione.it,Non Disponibile,www.derobertoct.gov.it
201718,ISOLE,SICILIA,CATANIA,CTMM150008,CPIA CATANIA 1,CTEE710015,SCUOLA CARCERARIA,PIAZZA LANZA,95123,C351,CATANIA,SPEC. PER CARCERARI,SCUOLA PRIMARIA,NO,Non Disponibile,CTMM150008@istruzione.it,Non Disponibile,www.ipssar.org
201718,ISOLE,SICILIA,CATANIA,CTIC886005,IC V.BRANCATI - CATANIA,CTEE886017,CRAVONE,"VIA STRADALE CRAVONE,10",95121,C351,CATANIA,NORMALE,SCUOLA PRIMARIA,NO,Non Disponibile,CTIC886005@istruzione.it,Non Disponibile,www.icbrancati.it
201718,ISOLE,SICILIA,CATANIA,CTIC886005,IC V.BRANCATI - CATANIA,CTEE886028,"VIALE ""S. TEODORO""",VIALE S. TEODORO,95121,C351,CATANIA,NORMALE,SCUOLA PRIMARIA,NO,Non Disponibile,CTIC886005@istruzione.it,Non Disponibile,www.icbrancati.it
201718,ISOLE,SICILIA,CATANIA,CTIC886005,IC V.BRANCATI - CATANIA,CTEE886039,STRADALE CARDINALE,VIALE B. PECORINO,95121,C351,CATANIA,NORMALE,SCUOLA PRIMARIA,NO,Non Disponibile,CTIC886005@istruzione.it,Non Disponibile,www.icbrancati.it
201718,ISOLE,SICILIA,CATANIA,CTIC887001,IC F. DE ROBERTO - CATANIA,CTEE887079,VIA TORRESINO,VIA TORRESINO,95123,C351,CATANIA,NORMALE,SCUOLA PRIMARIA,NO,Non Disponibile,CTIC887001@istruzione.it,Non Disponibile,www.derobertoct.gov.it
201718,ISOLE,SICILIA,CATANIA,CTIC8A600V,GIUFFRIDA,CTEE8A6011,SANTE GIUFFRIDA,VIALE AFRICA 198,95129,C351,CATANIA,NORMALE,SCUOLA PRIMARIA,NO,Non Disponibile,CTIC8A600V@istruzione.it,Non Disponibile,www.scuolagiuffridact.it
201718,ISOLE,SICILIA,CATANIA,CTIC8A600V,GIUFFRIDA,CTEE8A6022,SANTE GIUFFRIDA,VIA SALEMI 26,95129,C351,CATANIA,NORMALE,SCUOLA PRIMARIA,NO,Non Disponibile,CTIC8A600V@istruzione.it,Non Disponibile,www.scuolagiuffridact.it
201718,ISOLE,SICILIA,CATANIA,CTIC8A700P,C.B.CAVOUR - CATANIA,CTEE8A701R,"I.C. ""C.B. CAVOUR""",VIA ENRICO PANTANO 49,95129,C351,CATANIA,NORMALE,SCUOLA PRIMARIA,NO,Non Disponibile,CTIC8A700P@istruzione.it,Non Disponibile,www.scuolacavourcatania.gov.it
201718,ISOLE,SICILIA,CATANIA,CTIC8A800E,I.C.  SAURO - GIOVANNI XXIII,CTEE8A801L,"VIA D. CHIESA, 5","VIA DAMIANO CHIESA, 5",95123,C351,CATANIA,NORMALE,SCUOLA PRIMARIA,NO,Non Disponibile,CTIC8A800E@istruzione.it,Non Disponibile,www.circolodidatticosaurocatania.gov.it
201718,ISOLE,SICILIA,CATANIA,CTIC8A800E,I.C.  SAURO - GIOVANNI XXIII,CTEE8A802N,"VIA T.TASSO, 3","VIA T.TASSO, 3",95123,C351,CATANIA,NORMALE,SCUOLA PRIMARIA,NO,Non Disponibile,CTIC8A800E@istruzione.it,Non Disponibile,www.circolodidatticosaurocatania.gov.it
201718,ISOLE,SICILIA,CATANIA,CTIC8A800E,I.C.  SAURO - GIOVANNI XXIII,CTEE8A803P,"VIA T. TASSO,1","VIA T. TASSO,1",95123,C351,CATANIA,NORMALE,SCUOLA PRIMARIA,NO,Non Disponibile,CTIC8A800E@istruzione.it,Non Disponibile,www.circolodidatticosaurocatania.gov.it
201718,ISOLE,SICILIA,CATANIA,CTIC8AB00G,IC CESARE BATTISTI CATANIA,CTEE8AB01N,CD  BATTISTI  CATANIA,VIA S.M.SALETTE 76,95121,C351,CATANIA,NORMALE,SCUOLA PRIMARIA,NO,Non Disponibile,CTIC8AB00G@istruzione.it,Non Disponibile,www.battistix.it
201718,ISOLE,SICILIA,CATANIA,CTIC8AB00G,IC CESARE BATTISTI CATANIA,CTEE8AB02P,VIA PLEBISCITO,VIA PLEBISCITO    380,95121,C351,CATANIA,NORMALE,SCUOLA PRIMARIA,NO,Non Disponibile,CTIC8AB00G@istruzione.it,Non Disponibile,www.battistix.it
201718,ISOLE,SICILIA,CATANIA,CTIC8AB00G,IC CESARE BATTISTI CATANIA,CTEE8AB03Q,CONCORDIA,VIA DELLA CONCORDIA,95122,C351,CATANIA,NORMALE,SCUOLA PRIMARIA,NO,Non Disponibile,CTIC8AB00G@istruzione.it,Non Disponibile,www.battistix.it
201718,ISOLE,SICILIA,CATANIA,CTIC8AC00B,"IC ""G. DELEDDA"" CATANIA",CTEE8AC01D,C.D. DELEDDA,PIAZZA MONTESSORI,95124,C351,CATANIA,NORMALE,SCUOLA PRIMARIA,NO,Non Disponibile,CTIC8AC00B@istruzione.it,Non Disponibile,www.scuoladeledda.it
201718,ISOLE,SICILIA,CATANIA,CTIC8AC00B,"IC ""G. DELEDDA"" CATANIA",CTEE8AC02E,OSPEDALE VITT. EMANUELE,Non Disponibile,95124,C351,CATANIA,C/O IST. OSPEDALIERO,SCUOLA PRIMARIA,NO,Non Disponibile,CTIC8AC00B@istruzione.it,Non Disponibile,www.gbnicolosi.it
201718,ISOLE,SICILIA,CATANIA,CTIC8AD007,IC  S.G. BOSCO CATANIA,CTEE8AD019,S.G. BOSCO - PLESSO VIA PALERMO,VIA DELLA CERNAIA 4,95122,C351,CATANIA,NORMALE,SCUOLA PRIMARIA,NO,Non Disponibile,CTIC8AD007@istruzione.it,Non Disponibile,www.sgbosco.ct.it
201718,ISOLE,SICILIA,CATANIA,CTIC8AD007,IC  S.G. BOSCO CATANIA,CTEE8AD02A,S.G. BOSCO - SEDE CENTRALE,"VIA LEOTTA, 13",95122,C351,CATANIA,NORMALE,SCUOLA PRIMARIA,NO,Non Disponibile,CTIC8AD007@istruzione.it,Non Disponibile,www.sgbosco.ct.it
201718,ISOLE,SICILIA,CATANIA,CTIC8AE003,IC  TEMPESTA CATANIA,CTEE8AE015,CD TEMPESTA CATANIA,VIA GRAMIGNANI 97,95121,C351,CATANIA,NORMALE,SCUOLA PRIMARIA,NO,Non Disponibile,CTIC8AE003@istruzione.it,Non Disponibile,WWW.ICLIVIOTEMPESTA.IT
201718,ISOLE,SICILIA,CATANIA,CTIC8AE003,IC  TEMPESTA CATANIA,CTEE8AE026,VIA PLAIA,VIA PLAIA 193,95121,C351,CATANIA,NORMALE,SCUOLA PRIMARIA,NO,Non Disponibile,CTIC8AE003@istruzione.it,Non Disponibile,WWW.ICLIVIOTEMPESTA.IT
201718,ISOLE,SICILIA,CATANIA,CTIC8A900A,I.C.  PIZZIGONI- CARDUCCI,CTMM8A901B,SMS G.CARDUCCI - CATANIA,VIA        SUOR M. MAZZARELLO  35,95128,C351,CATANIA,NORMALE,SCUOLA PRIMO GRADO,NO,Non Disponibile,Non Disponibile,Non Disponibile,www.circolodidatticosaurocatania.gov.it
201718,ISOLE,SICILIA,CATANIA,CTMM150008,CPIA CATANIA 1,CTMM150008,CPIA CATANIA 1,VIA VELLETRI 28,95126,C351,CATANIA,CPIA,SCUOLA PRIMO GRADO,SI,Non Disponibile,CTMM150008@istruzione.it,ctmm150008@pec.istruzione.it,www.scuolacastiglione.org
201718,ISOLE,SICILIA,CATANIA,CTMM150008,CPIA CATANIA 1,CTMM710014,BICOCCA - ISTRUZIONE ADULTI,CASA CIRCONDARIALE,95100,C351,CATANIA,SPEC. PER CARCERARI,SCUOLA PRIMO GRADO,NO,Non Disponibile,CTMM150008@istruzione.it,Non Disponibile,www.ipssar.org
201718,ISOLE,SICILIA,CATANIA,CTMM150008,CPIA CATANIA 1,CTMM71201Q,MANZONI,PIAZZA LANZA,95123,C351,CATANIA,SPEC. PER CARCERARI,SCUOLA PRIMO GRADO,NO,Non Disponibile,CTMM150008@istruzione.it,Non Disponibile,www.iragazzidellamanzonicatania.it
201718,ISOLE,SICILIA,CATANIA,CTMM150008,CPIA CATANIA 1,CTMM71301G,CAVOUR SEDE CARCERARIA,"VIA CARBONE, 6",95100,C351,CATANIA,SPEC. PER CARCERARI,SCUOLA PRIMO GRADO,NO,Non Disponibile,CTMM150008@istruzione.it,Non Disponibile,WWWSCUOLACAVOURCATANIA.COM
201718,ISOLE,SICILIA,CATANIA,CTIC8A600V,GIUFFRIDA,CTMM8A601X,MARTOGLIO,"VIA SALEMI , 26",95129,C351,CATANIA,NORMALE,SCUOLA PRIMO GRADO,NO,Non Disponibile,CTIC8A600V@istruzione.it,Non Disponibile,www.scuolagiuffridact.it
201718,ISOLE,SICILIA,CATANIA,CTIC8A700P,C.B.CAVOUR - CATANIA,CTMM8A701Q,C.B.CAVOUR - CATANIA,"VIA CARBONE,6",95129,C351,CATANIA,NORMALE,SCUOLA PRIMO GRADO,NO,Non Disponibile,CTIC8A700P@istruzione.it,Non Disponibile,www.scuolacavourcatania.gov.it
201718,ISOLE,SICILIA,CATANIA,CTIC8A700P,C.B.CAVOUR - CATANIA,CTMM8A702R,OSPEDALE CANNIZZARO,Non Disponibile,95126,C351,CATANIA,C/O IST. OSPEDALIERO,SCUOLA PRIMO GRADO,NO,Non Disponibile,CTIC8A700P@istruzione.it,Non Disponibile,www.icblandinipalagonia.it
201718,ISOLE,SICILIA,CATANIA,CTIC8A800E,I.C.  SAURO - GIOVANNI XXIII,CTMM8A801G,VIA TORQUATO TASSO 2,VIA        TORQUATO TASSO      2,95123,C351,CATANIA,NORMALE,SCUOLA PRIMO GRADO,NO,Non Disponibile,CTIC8A800E@istruzione.it,Non Disponibile,www.circolodidatticosaurocatania.gov.it
201718,ISOLE,SICILIA,CATANIA,CTIC8AB00G,IC CESARE BATTISTI CATANIA,CTMM8AB01L,SM BATTISTI,"VIA S. MARIA DE LA SALETTE, 76",95121,C351,CATANIA,NORMALE,SCUOLA PRIMO GRADO,NO,Non Disponibile,CTIC8AB00G@istruzione.it,Non Disponibile,www.battistix.it
201718,ISOLE,SICILIA,CATANIA,CTIC8AC00B,"IC ""G. DELEDDA"" CATANIA",CTMM8AC01C,S.M. G.DELEDDA,PIAZZA MONTESSORI,95124,C351,CATANIA,NORMALE,SCUOLA PRIMO GRADO,NO,Non Disponibile,CTIC8AC00B@istruzione.it,Non Disponibile,www.scuoladeledda.it
201718,ISOLE,SICILIA,CATANIA,CTMM00300T,SMS Q.MAIORANA - CATANIA,CTMM00300T,SMS Q.MAIORANA - CATANIA,"VIA        CESARE BECCARIA, 87",95123,C351,CATANIA,NORMALE,SCUOLA PRIMO GRADO,SI,Non Disponibile,CTMM00300T@istruzione.it,ctmm00300t@pec.istruzione.it,www.maioranacatania.it
201718,ISOLE,SICILIA,CATANIA,CTMM01300C,SCUOLA SECONDARIA DI 1?GRADO,CTMM01300C,SCUOLA SECONDARIA DI 1?GRADO,VIA        VITTORIO EMANUELE   56,95131,C351,CATANIA,ANNESSO A CONVITTO,SCUOLA PRIMO GRADO,NO,Non Disponibile,CTMM01300C@istruzione.it,Non Disponibile,www.convittocutelli.eu
201718,ISOLE,SICILIA,CATANIA,CTMM029002,SMS D.ALIGHIERI - CATANIA,CTMM029002,SMS D.ALIGHIERI - CATANIA,VIA        CAGLIARI            59,95127,C351,CATANIA,NORMALE,SCUOLA PRIMO GRADO,SI,Non Disponibile,CTMM029002@istruzione.it,ctmm029002@pec.istruzione.it,www.dantect.gov.it
201718,ISOLE,SICILIA,CATANIA,CTIC864008,IC  DUSMET - DORIA CATANIA,CTMM86402A,OSPEDALE POLICLINICO - A. DORIA,POLICLINICO UNIVERSITARIO,95100,C351,CATANIA,C/O IST. OSPEDALIERO,SCUOLA PRIMO GRADO,NO,Non Disponibile,CTIC864008@istruzione.it,Non Disponibile,www.icdusmetcatania.it
201718,ISOLE,SICILIA,CATANIA,CTIC864008,IC  DUSMET - DORIA CATANIA,CTMM86403B,OSPEDALE VITT. EMANUELE,Non Disponibile,95100,C351,CATANIA,C/O IST. OSPEDALIERO,SCUOLA PRIMO GRADO,NO,Non Disponibile,CTIC864008@istruzione.it,Non Disponibile,www.icdusmetcatania.it
201718,ISOLE,SICILIA,CATANIA,CTIC86700Q,I.C. FONTANAROSSA,CTMM86701R,I.C. FONTANAROSSA,VIA FONTANAROSSA  9,95121,C351,CATANIA,NORMALE,SCUOLA PRIMO GRADO,NO,Non Disponibile,CTIC86700Q@istruzione.it,Non Disponibile,WWW.icfontanarossa.it
201718,ISOLE,SICILIA,CATANIA,CTIC87500P,IC FRANCESCO PETRARCA - CATANIA,CTMM87501Q,F. PETRARCA - LA CASA DI LAURA,VIA  GIOVANNI GIOVIALE N. 11,95123,C351,CATANIA,NORMALE,SCUOLA PRIMO GRADO,NO,Non Disponibile,CTIC87500P@istruzione.it,Non Disponibile,www.istitutocomprensivopetrarca.gov.it
201718,ISOLE,SICILIA,CATANIA,CTIC880006,IC FELTRE - CATANIA,CTMM880017,VIA RACCUGLIA,VIA RACCUGLIA 5,95122,C351,CATANIA,NORMALE,SCUOLA PRIMO GRADO,NO,Non Disponibile,CTIC880006@istruzione.it,Non Disponibile,www.icfeltre.it
201718,ISOLE,SICILIA,CATANIA,CTIC881002,MUSCO,CTMM881013,MUSCO,VIALE G. DA VERRAZZANO 101,95121,C351,CATANIA,NORMALE,SCUOLA PRIMO GRADO,NO,Non Disponibile,CTIC881002@istruzione.it,Non Disponibile,www.icmuscoct.info
201718,ISOLE,SICILIA,CATANIA,CTIC89800B,I.C.  DIAZ - MANZONI  CATANIA,CTMM89802D,OSPEDALE GARIBALDI (DIAZ-MANZ.),VIA PALERMO,95122,C351,CATANIA,C/O IST. OSPEDALIERO,SCUOLA PRIMO GRADO,NO,Non Disponibile,CTIC89800B@istruzione.it,Non Disponibile,www.scuoladiazcatania.it
201718,ISOLE,SICILIA,CATANIA,CTIC899007,IC  SAN GIORGIO - CATANIA,CTMM899018,S.M. SAN GIORGIO,"VIALE GRIMALDI, 9",95121,C351,CATANIA,NORMALE,SCUOLA PRIMO GRADO,NO,Non Disponibile,CTIC899007@istruzione.it,Non Disponibile,icsangiorgioct.gov.it
201718,ISOLE,SICILIA,CATANIA,CTIC885009,IC G.PARINI - CATANIA,CTMM88501A,G.PARINI - CATANIA,VIA S. QUASIMODO N.3,95126,C351,CATANIA,NORMALE,SCUOLA PRIMO GRADO,NO,Non Disponibile,CTIC885009@istruzione.it,Non Disponibile,www.parinict.it
201718,ISOLE,SICILIA,CATANIA,CTIC886005,IC V.BRANCATI - CATANIA,CTMM886016,V.BRANCATI - CATANIA,VIALE  S. TEODORO,95121,C351,CATANIA,NORMALE,SCUOLA PRIMO GRADO,NO,Non Disponibile,CTIC886005@istruzione.it,Non Disponibile,www.icbrancati.it
201718,ISOLE,SICILIA,CATANIA,CTIC887001,IC F. DE ROBERTO - CATANIA,CTMM887012,F. DE ROBERTO - CATANIA,"VIA CONFALONIERI, 9/D",95123,C351,CATANIA,NORMALE,SCUOLA PRIMO GRADO,NO,Non Disponibile,CTIC887001@istruzione.it,Non Disponibile,www.derobertoct.gov.it
201718,ISOLE,SICILIA,CATANIA,CTIC86200L,IC PESTALOZZI CATANIA,CTMM86201N,"VILL. S. AGATA, Z/A","VILL. S. AGATA, Z/A",95121,C351,CATANIA,NORMALE,SCUOLA PRIMO GRADO,NO,Non Disponibile,CTIC86200L@istruzione.it,Non Disponibile,www.pestalozzi.cc
201718,ISOLE,SICILIA,CATANIA,CTIC86300C,IC CAMPANELLA-STURZO CATANIA,CTMM86301D,CAMPANELLA-STURZO,VIALE BUMMACARO 8,95121,C351,CATANIA,NORMALE,SCUOLA PRIMO GRADO,NO,Non Disponibile,CTIC86300C@istruzione.it,Non Disponibile,www.iccampanellasturzo.gov.it
201718,ISOLE,SICILIA,CATANIA,CTIC864008,IC  DUSMET - DORIA CATANIA,CTMM864019,SECONDARIA DUSMET-DORIA,VIALE CASTAGNOLA 13,95121,C351,CATANIA,NORMALE,SCUOLA PRIMO GRADO,NO,Non Disponibile,CTIC864008@istruzione.it,Non Disponibile,www.icdusmetdoria.gov.it
201718,ISOLE,SICILIA,CATANIA,CTIC8AD007,IC  S.G. BOSCO CATANIA,CTMM8AD018,SM S.G. BOSCO,VIA LEOTTA 13,95122,C351,CATANIA,NORMALE,SCUOLA PRIMO GRADO,NO,Non Disponibile,CTIC8AD007@istruzione.it,Non Disponibile,www.sgbosco.ct.it
201718,ISOLE,SICILIA,CATANIA,CTIC8AE003,IC  TEMPESTA CATANIA,CTMM8AE014,SM TEMPESTA,VIA GRAMIGNANI 97,95121,C351,CATANIA,NORMALE,SCUOLA PRIMO GRADO,NO,Non Disponibile,CTIC8AE003@istruzione.it,Non Disponibile,www.icliviotempesta.it
201718,ISOLE,SICILIA,CATANIA,CTIC8AF00V,IC  M. MONTESSORI - P.MASCAGNI,CTMM8AF01X,SM MONTESSORI- MASCAGNI,VIA G. DI GRGORIO - VIA IV NOVEMBRE,95122,C351,CATANIA,NORMALE,SCUOLA PRIMO GRADO,NO,Non Disponibile,CTIC8AF00V@istruzione.it,Non Disponibile,http://www.montessorimascagnict.gov.it/
201718,ISOLE,SICILIA,CATANIA,CTIC8AG00P,I.C. P.S. DI GUARDO - QUASIMODO,CTMM8AG01Q,SMS S.QUASIMODO - CATANIA,"VIA  A. D'AGATA,16",95123,C351,CATANIA,NORMALE,SCUOLA PRIMO GRADO,NO,Non Disponibile,CTIC8AG00P@istruzione.it,Non Disponibile,diguardoquasimodo.gov.it
201718,ISOLE,SICILIA,CATANIA,CTIC8AH00E,VESPUCCI - CAPUANA PIRANDELLO,CTMM8AH01G,VESPUCCI - CAPUANA PIRANDELLO,Non Disponibile,Non Disponibile,C351,CATANIA,NORMALE,SCUOLA PRIMO GRADO,NO,Non Disponibile,CTIC8AH00E@istruzione.it,Non Disponibile,www.icvespucci.it
201718,ISOLE,SICILIA,CATANIA,CTIC89200C,IC XX SETTEMBRE CATANIA,CTMM89201D,"""XX SETTEMBRE""","VIA SIGNORELLI,4(ANG. VIA EMPEDOCLE)",95128,C351,CATANIA,NORMALE,SCUOLA PRIMO GRADO,NO,Non Disponibile,CTIC89200C@istruzione.it,Non Disponibile,www.icxxsettembre.gov.it
201718,ISOLE,SICILIA,CATANIA,CTIC894004,IC MALERBA CATANIA,CTMM894015,SMS G. LEOPARDI CATANIA,VIA   DUCA DEGLI ABRUZZI 49,95127,C351,CATANIA,NORMALE,SCUOLA PRIMO GRADO,NO,Non Disponibile,CTIC894004@istruzione.it,Non Disponibile,www.icmalerba.gov.it
201718,ISOLE,SICILIA,CATANIA,CTIC89600Q,IC  COPPOLA CATANIA,CTMM89601R,S.M. COPPOLA,VIA A. CARACCIOLO.114,95124,C351,CATANIA,NORMALE,SCUOLA PRIMO GRADO,NO,Non Disponibile,CTIC89600Q@istruzione.it,Non Disponibile,www.scuolacoppola.it
201718,ISOLE,SICILIA,CATANIA,CTIC89700G,"""ITALO CALVINO""",CTMM89701L,"""ITALO CALVINO""","VIA BRINDISI, 11",95125,C351,CATANIA,NORMALE,SCUOLA PRIMO GRADO,NO,Non Disponibile,CTIC89700G@istruzione.it,Non Disponibile,www.icscalvino.gov.it
201718,ISOLE,SICILIA,CATANIA,CTIC89800B,I.C.  DIAZ - MANZONI  CATANIA,CTMM89801C,S.M. DIAZ - MANZONI,VIA PLEBISCITO 784,95124,C351,CATANIA,NORMALE,SCUOLA PRIMO GRADO,NO,Non Disponibile,CTIC89800B@istruzione.it,Non Disponibile,www.scuoladiazcatania.it
